city,province_state_region,country,subregion,latitude,longitude,continent,type,difficulty,difficulty_level,source_name,source_id,merged_source_entries,geography_parse_method
Jalalabad,,Afghanistan,,34.4341,70.4477,Asia,city,hard,4,"Jalalabad, Afghanistan",jalalabad_afghanistan,1,source
Kabul,,Afghanistan,,34.5553,69.2075,Asia,capital,easy,1,"Kabul, Afghanistan",kabul_afghanistan,1,source
Kandahar,,Afghanistan,,31.6289,65.7372,Asia,city,easy,2,"Kandahar, Afghanistan",kandahar_afghanistan,1,source
Kunduz,,Afghanistan,,36.728,68.8681,Asia,city,easy,1,"Kunduz, Afghanistan",kunduz_afghanistan,1,source
Samangan,,Afghanistan,,35.5769,68.1492,Asia,city,easy,2,"Samangan, Afghanistan",samangan_afghanistan,1,source
Durrës,,Albania,,41.3233,19.4414,Europe,city,easy,1,"Durrës, Albania",durres_albania,1,source
Theth,,Albania,,42.4046,19.768,Europe,city,easy,1,"Theth, Albania",theth,1,source
Tirana,,Albania,,41.3275,19.8189,Europe,capital,easy,1,"Tirana, Albania",tirana_albania,1,source
Algiers,,Algeria,,36.7372,3.0863,Africa,capital,hard,5,"Algiers, Algeria",algiers_algeria,1,source
Constantine,,Algeria,,36.365,6.6147,Africa,city,hard,5,"Constantine, Algeria",constantine_algeria,1,source
Oran,,Algeria,,35.6969,-0.6331,Africa,city,medium,3,"Oran, Algeria",oran,1,source
Tlemcen,,Algeria,,34.8828,-1.3167,Africa,city,easy,1,"Tlemcen, Algeria",tlemcen_algeria,1,source
Bone,Annaba,Algeria,,36.8982,7.7549,Africa,city,easy,2,"Bone, Algeria (Annaba)",bone_algeria_annaba,1,source_label_cleanup
Andorra la Vella,,Andorra,,42.5064,1.5218,Europe,capital,medium,3,"Andorra la Vella, Andorra",andorra_la_vella_andorra,1,source
Benguela,,Angola,,-12.5763,13.4055,Africa,city,easy,1,"Benguela, Angola",benguela_angola,1,source
Huambo,,Angola,,-12.7761,15.7394,Africa,city,easy,1,"Huambo, Angola",huambo_angola,1,source
Luanda,,Angola,,-8.839,13.2894,Africa,capital,hard,5,"Luanda, Angola",luanda,1,source
Lubango,,Angola,,-14.9167,13.5,Africa,city,easy,1,"Lubango, Angola",lubango_angola,1,source
St. John’s,,Antigua and Barbuda,,17.1217,-61.8436,North_America,capital,medium,3,"St. John’s, Antigua and Barbuda",st_johns_antigua_and_barbuda,1,source
Buenos Aires,,Argentina,,-34.6037,-58.3816,South_America,capital,medium,3,"Buenos Aires, Argentina",buenos_aires_argentina,1,source
Córdoba,,Argentina,,-31.4201,-64.1888,South_America,city,hard,4,"Córdoba, Argentina",cordoba,1,source
La Plata,,Argentina,,-34.9215,-57.9545,South_America,city,hard,6,"La Plata, Argentina",la_plata,1,source
Mar del Plata,,Argentina,,-38.0023,-57.5575,South_America,city,hard,4,"Mar del Plata, Argentina",mar_del_plata,1,source
Mendoza,,Argentina,,-32.8908,-68.8272,South_America,city,hard,6,"Mendoza, Argentina",mendoza,1,source
Puerto San Julian,,Argentina,,-49.3067,-67.726,South_America,city,easy,2,"Puerto San Julian, Argentina",puerto_san_julian_argentina,1,source
Punta Alta,,Argentina,,-38.8759,-62.0736,South_America,city,easy,1,"Punta Alta, Argentina",punta_alta_argentina,1,source
Rosario,,Argentina,,-32.9468,-60.6393,South_America,city,easy,2,"Rosario, Argentina",rosario,1,source
Salta,,Argentina,,-24.7821,-65.4232,South_America,city,medium,3,"Salta, Argentina",salta,1,source
Santa Fe,,Argentina,,-31.6333,-60.7,South_America,city,medium,3,"Santa Fe, Argentina",santa_fe,1,source
Tucumán,,Argentina,,-26.8083,-65.2176,South_America,city,easy,2,"Tucumán, Argentina",tucuman,1,source
Ushuaia,,Argentina,,-54.8019,-68.303,South_America,city,easy,2,"Ushuaia, Argentina",ushuaia_argentina,2,source
Gyumri,,Armenia,,40.7894,43.8475,Middle_East,city,easy,1,"Gyumri, Armenia",gyumri_armenia,1,source
Vanadzor,,Armenia,,40.8128,44.4883,Middle_East,city,easy,1,"Vanadzor, Armenia",vanadzor_armenia,1,source
Yerevan,,Armenia,,40.1792,44.4991,Middle_East,capital,medium,3,"Yerevan, Armenia",yerevan_armenia,2,source
Adelaide,,Australia,,-34.9285,138.6008,Oceania,city,medium,3,"Adelaide, Australia",adelaide,1,source
Bathurst,,Australia,,-33.4198,149.5743,Oceania,city,easy,1,"Bathurst, Australia",bathurst_australia,1,source
Brisbane,,Australia,,-27.4698,153.0251,Oceania,city,medium,3,"Brisbane, Australia",brisbane,1,source
Cairns,,Australia,,-16.9186,145.7781,Oceania,city,medium,3,"Cairns, Australia",cairns_australia,2,source
Canberra,,Australia,,-35.2809,149.13,Oceania,capital,hard,4,"Canberra, Australia",canberra_australia,1,source
Darwin,,Australia,,-12.4634,130.8456,Oceania,city,hard,4,"Darwin, Australia",darwin_australia,1,source
Geelong,,Australia,,-38.1499,144.3617,Oceania,city,hard,4,"Geelong, Australia",geelong_australia,1,source
Gold Coast,,Australia,,-28.0167,153.4,Oceania,city,easy,1,"Gold Coast, Australia",gold_coast_australia,1,source
Hobart,,Australia,,-42.8821,147.3272,Oceania,city,hard,4,"Hobart, Australia",hobart_tasmania,1,source
Melbourne,,Australia,,-37.8136,144.9631,Oceania,city,hard,6,"Melbourne, Australia",melbourne,1,source
Newcastle,,Australia,,-32.9283,151.7817,Oceania,city,easy,2,"Newcastle, Australia",newcastle_australia,1,source
Perth,,Australia,,-31.9523,115.8613,Oceania,city,easy,2,"Perth, Australia",perth,1,source
Sunshine Coast,,Australia,,-26.65,153.0667,Oceania,city,hard,4,"Sunshine Coast, Australia",sunshine_coast_australia,1,source
Sydney,,Australia,,-33.8688,151.2093,Oceania,city,hard,4,"Sydney, Australia",sydney,1,source
Townsville,,Australia,,-19.259,146.8169,Oceania,city,hard,4,"Townsville, Australia",townsville_australia,1,source
Wollongong,,Australia,,-34.4278,150.8931,Oceania,city,easy,2,"Wollongong, Australia",wollongong_australia,1,source
Alice Springs,Northern Territory,Australia,,-23.698,133.8807,Oceania,city,hard,5,"Alice Springs, Northern Territory, Australia",alice_springs_northern_territory_australia,2,source
Hallstatt,,Austria,,47.5622,13.6493,Europe,city,easy,1,"Hallstatt, Austria",hallstatt,2,source
Salzburg,,Austria,,47.8095,13.055,Europe,city,easy,1,"Salzburg, Austria",salzburg,1,source
Vienna,,Austria,,48.2082,16.3738,Europe,capital,hard,5,"Vienna, Austria",vienna_austria,1,source
Baku,,Azerbaijan,,40.4093,49.8671,Middle_East,capital,hard,5,"Baku, Azerbaijan",baku_azerbaijan,1,source
Ganja,,Azerbaijan,,40.6828,46.3606,Middle_East,city,medium,3,"Ganja, Azerbaijan",ganja_azerbaijan,1,source
Sumgayit,,Azerbaijan,,40.5855,49.6317,Middle_East,city,hard,5,"Sumgayit, Azerbaijan",sumgayit_azerbaijan,1,source
Nassau,,Bahamas,,25.0343,-77.3963,North_America,capital,easy,1,"Nassau, Bahamas",nassau_bahamas,1,source
Manama,,Bahrain,,26.2285,50.5861,Middle_East,capital,medium,3,"Manama, Bahrain",manama_bahrain,1,source
Riffa,,Bahrain,,26.1224,50.562,Middle_East,city,hard,4,"Riffa, Bahrain",riffa_bahrain,1,source
Chittagong,,Bangladesh,,22.3569,91.7832,Asia,city,easy,2,"Chittagong, Bangladesh",chittagong,1,source
Dhaka,,Bangladesh,,23.8103,90.4125,Asia,capital,hard,6,"Dhaka, Bangladesh",dhaka_bangladesh,1,source
Khulna,,Bangladesh,,22.8098,89.5644,Asia,city,hard,4,"Khulna, Bangladesh",khulna_bangladesh,1,source
Bridgetown,,Barbados,,13.0975,-59.6167,North_America,capital,hard,4,"Bridgetown, Barbados",bridgetown_barbados,1,source
Brest,,Belarus,,52.0976,23.7341,Europe,city,easy,2,"Brest, Belarus",brest_belarus,1,source
Grodno,,Belarus,,53.6884,23.8258,Europe,city,easy,1,"Grodno, Belarus",grodno_belarus,1,source
Minsk,,Belarus,,53.9,27.5667,Europe,capital,medium,3,"Minsk, Belarus",minsk_belarus,1,source
Yanow,,Belarus,,53.8858,25.2997,Europe,city,easy,2,"Yanow, Belarus",yanow_belarus,1,source
Antwerp,,Belgium,,51.2194,4.4025,Europe,city,easy,1,"Antwerp, Belgium",antwerp,1,source
Bastogne,,Belgium,,50.0005,5.7153,Europe,city,hard,6,"Bastogne, Belgium",bastogne_belgium,1,source
Brussels,,Belgium,,50.8503,4.3517,Europe,capital,easy,1,"Brussels, Belgium",brussels_belgium,1,source
Charleroi,,Belgium,,50.4108,4.4446,Europe,city,hard,6,"Charleroi, Belgium",charleroi_belgium,1,source
Ghent,,Belgium,,51.0543,3.7174,Europe,city,easy,1,"Ghent, Belgium",ghent_belgium,1,source
Leuven,,Belgium,,50.8798,4.7005,Europe,city,hard,6,"Leuven, Belgium",leuven_belgium,1,source
Liège,,Belgium,,50.6326,5.5797,Europe,city,hard,5,"Liège, Belgium",liege_belgium,1,source
Namur,,Belgium,,50.4674,4.8712,Europe,city,hard,6,"Namur, Belgium",namur_belgium,1,source
Waterloo,,Belgium,,50.7143,4.3999,Europe,city,easy,1,"Waterloo, Belgium",waterloo_belgium,1,source
Belize City,,Belize,,17.5046,-88.1962,North_America,city,medium,3,"Belize City, Belize",belize_city,1,source
Belmopan,,Belize,,17.2534,-88.7713,North_America,capital,hard,4,"Belmopan, Belize",belmopan_belize,1,source
Cotonou,,Benin,,6.3703,2.3912,Africa,city,hard,6,"Cotonou, Benin",cotonou_benin,1,source
Parakou,,Benin,,9.3428,2.6166,Africa,city,hard,5,"Parakou, Benin",parakou_benin,1,source
Porto-Novo,,Benin,,6.4969,2.6286,Africa,capital,hard,6,"Porto-Novo, Benin",porto_novo_benin,1,source
Hamilton,,Bermuda,,32.2942,-64.7839,North_America,capital,hard,5,"Hamilton, Bermuda",hamilton_bermuda,1,source
Thimphu,,Bhutan,,27.4728,89.6393,Asia,capital,hard,5,"Thimphu, Bhutan",thimphu_bhutan,1,source
Cochabamba,,Bolivia,,-17.3895,-66.1568,South_America,city,medium,3,"Cochabamba, Bolivia",cochabamba_bolivia,2,source
La Paz,,Bolivia,,-16.4897,-68.1193,South_America,capital,hard,4,"La Paz, Bolivia",la_paz_bolivia,1,source
Santa Cruz,,Bolivia,,-17.8146,-63.1561,South_America,city,medium,3,"Santa Cruz, Bolivia",santa_cruz,1,source
Santa Cruz de la Sierra,,Bolivia,,-17.7863,-63.1812,South_America,city,hard,4,"Santa Cruz de la Sierra, Bolivia",santa_cruz_de_la_sierra_bolivia,1,source
Banja Luka,,Bosnia and Herzegovina,,44.7722,17.191,Europe,city,hard,4,"Banja Luka, Bosnia and Herzegovina",banja_luka_bosnia,1,source
Mostar,,Bosnia and Herzegovina,,43.3438,17.8078,Europe,city,hard,4,"Mostar, Bosnia and Herzegovina",mostar_bosnia,1,source
Sarajevo,,Bosnia and Herzegovina,,43.8563,18.4131,Europe,capital,medium,3,"Sarajevo, Bosnia and Herzegovina",sarajevo_bosnia_and_herzegovina,1,source
Francistown,,Botswana,,-21.1703,27.5072,Africa,city,easy,1,"Francistown, Botswana",francistown_botswana,1,source
Gaborone,,Botswana,,-24.6282,25.9231,Africa,capital,medium,3,"Gaborone, Botswana",gaborone_botswana,1,source
Maun,,Botswana,,-19.9833,23.4167,Africa,city,easy,2,"Maun, Botswana",maun_botswana,1,source
Anápolis,,Brazil,,-16.3281,-48.9529,South_America,city,hard,4,"Anápolis, Brazil",anapolis,1,source
Aparecida de Goiânia,,Brazil,,-16.8232,-49.2462,South_America,city,medium,3,"Aparecida de Goiânia, Brazil",aparecida_de_goiania,1,source
Aracaju,,Brazil,,-10.9472,-37.0731,South_America,city,hard,4,"Aracaju, Brazil",aracaju,1,source
Belo Horizonte,,Brazil,,-19.9167,-43.9345,South_America,city,medium,3,"Belo Horizonte, Brazil",belo_horizonte,1,source
Belém,,Brazil,,-1.4558,-48.4902,South_America,city,medium,3,"Belém, Brazil",belem,1,source
Betim,,Brazil,,-19.9679,-44.1983,South_America,city,easy,1,"Betim, Brazil",betim,1,source
Brasília,,Brazil,,-15.8267,-47.9218,South_America,capital,medium,3,"Brasília, Brazil",brasilia_brazil,2,source
Campinas,,Brazil,,-22.9056,-47.0608,South_America,city,easy,1,"Campinas, Brazil",campinas,1,source
Campo Grande,,Brazil,,-20.4697,-54.6201,South_America,city,easy,1,"Campo Grande, Brazil",campo_grande,1,source
Caxias do Sul,,Brazil,,-29.1634,-51.1797,South_America,city,medium,3,"Caxias do Sul, Brazil",caxias_do_sul,1,source
Contagem,,Brazil,,-19.9318,-44.0539,South_America,city,hard,6,"Contagem, Brazil",contagem,1,source
Cuiabá,,Brazil,,-15.6014,-56.0979,South_America,city,easy,1,"Cuiabá, Brazil",cuiaba,1,source
Curitiba,,Brazil,,-25.429,-49.2671,South_America,city,medium,3,"Curitiba, Brazil",curitiba,1,source
Duque de Caxias,,Brazil,,-22.7856,-43.3116,South_America,city,easy,1,"Duque de Caxias, Brazil",duque_de_caxias,1,source
Feira de Santana,,Brazil,,-12.2668,-38.9668,South_America,city,medium,3,"Feira de Santana, Brazil",feira_de_santana,1,source
Florianópolis,,Brazil,,-27.5954,-48.548,South_America,city,hard,4,"Florianópolis, Brazil",florianopolis,1,source
Fortaleza,,Brazil,,-3.7172,-38.5433,South_America,city,medium,3,"Fortaleza, Brazil",fortaleza,1,source
Goiânia,,Brazil,,-16.6869,-49.2648,South_America,city,easy,2,"Goiânia, Brazil",goiania,1,source
Guarulhos,,Brazil,,-23.4538,-46.5333,South_America,city,medium,3,"Guarulhos, Brazil",guarulhos,1,source
Joinville,,Brazil,,-26.3045,-48.8487,South_America,city,easy,1,"Joinville, Brazil",joinville,1,source
João Pessoa,,Brazil,,-7.1195,-34.845,South_America,city,hard,4,"João Pessoa, Brazil",joao_pessoa,1,source
Juiz de Fora,,Brazil,,-21.7642,-43.3496,South_America,city,hard,5,"Juiz de Fora, Brazil",juiz_de_fora,1,source
Londrina,,Brazil,,-23.3045,-51.1696,South_America,city,easy,2,"Londrina, Brazil",londrina,1,source
Maceio,,Brazil,,-9.6658,-35.735,South_America,city,medium,3,"Maceio, Brazil",maceio,1,source
Manaus,,Brazil,,-3.119,-60.0217,South_America,city,easy,1,"Manaus, Brazil",manaus,1,source
Maringá,,Brazil,,-23.4205,-51.9333,South_America,city,medium,3,"Maringá, Brazil",maringa,1,source
Natal,,Brazil,,-5.7945,-35.211,South_America,city,hard,4,"Natal, Brazil",natal,1,source
Niterói,,Brazil,,-22.8833,-43.1036,South_America,city,hard,5,"Niterói, Brazil",niteroi,1,source
Osasco,,Brazil,,-23.5325,-46.7917,South_America,city,hard,6,"Osasco, Brazil",osasco,1,source
Porto Alegre,,Brazil,,-30.0346,-51.2177,South_America,city,hard,5,"Porto Alegre, Brazil",porto_alegre,1,source
Porto Velho,,Brazil,,-8.7619,-63.9039,South_America,city,medium,3,"Porto Velho, Brazil",porto_velho,1,source
Recife,,Brazil,,-8.0476,-34.877,South_America,city,medium,3,"Recife, Brazil",recife,1,source
Ribeirão Preto,,Brazil,,-21.1775,-47.8103,South_America,city,easy,1,"Ribeirão Preto, Brazil",ribeirao_preto,1,source
Rio de Janeiro,,Brazil,,-22.9083,-43.1964,South_America,city,hard,5,"Rio de Janeiro, Brazil",rio_de_janeiro,1,source
Salvador,,Brazil,,-12.9714,-38.5014,South_America,city,easy,1,"Salvador, Brazil",salvador,1,source
Santo André,,Brazil,,-23.6737,-46.5432,South_America,city,medium,3,"Santo André, Brazil",santo_andre,1,source
Santos,,Brazil,,-23.9608,-46.3336,South_America,city,easy,1,"Santos, Brazil",santos,1,source
Sao Goncalo,,Brazil,,-22.8269,-43.0539,South_America,city,hard,4,"Sao Goncalo, Brazil",sao_goncalo,1,source
Sorocaba,,Brazil,,-23.5015,-47.4582,South_America,city,hard,4,"Sorocaba, Brazil",sorocaba,1,source
São Bernardo do Campo,,Brazil,,-23.6914,-46.5646,South_America,city,hard,4,"São Bernardo do Campo, Brazil",sao_bernardo_do_campo,1,source
São José dos Campos,,Brazil,,-23.1896,-45.8841,South_America,city,hard,5,"São José dos Campos, Brazil",sao_jose_dos_campos,1,source
São Luís,,Brazil,,-2.5307,-44.3068,South_America,city,easy,1,"São Luís, Brazil",sao_luis,1,source
São Paulo,,Brazil,,-23.5338,-46.6253,South_America,city,easy,2,"São Paulo, Brazil",sao_paulo,1,source
Teresina,,Brazil,,-5.092,-42.8038,South_America,city,hard,4,"Teresina, Brazil",teresina,1,source
Uberlândia,,Brazil,,-18.9186,-48.2772,South_America,city,easy,1,"Uberlândia, Brazil",uberlandia,1,source
Vitória,,Brazil,,-20.2976,-40.2958,South_America,city,hard,4,"Vitória, Brazil",vitoria,1,source
Bandar Seri Begawan,,Brunei,,4.8904,114.94,Asia,capital,medium,3,"Bandar Seri Begawan, Brunei",bandar_seri_begawan_brunei,1,source
Plovdiv,,Bulgaria,,42.1354,24.7453,Europe,city,hard,5,"Plovdiv, Bulgaria",plovdiv_bulgaria,1,source
Sofia,,Bulgaria,,42.6977,23.3219,Europe,capital,easy,2,"Sofia, Bulgaria",sofia_bulgaria,1,source
Bobo-Dioulasso,,Burkina Faso,,11.1771,-4.2979,Africa,city,hard,4,"Bobo-Dioulasso, Burkina Faso",bobo_dioulasso_burkina_faso,1,source
Ouagadougou,,Burkina Faso,,12.3714,-1.5197,Africa,capital,medium,3,"Ouagadougou, Burkina Faso",ouagadougou,1,source
Ouahigouya,,Burkina Faso,,13.5828,-2.4216,Africa,city,medium,3,"Ouahigouya, Burkina Faso",ouahigouya_burkina_faso,1,source
Bujumbura,,Burundi,,-3.3614,29.3599,Africa,city,medium,3,"Bujumbura, Burundi",bujumbura_burundi,1,source
Gitega,,Burundi,,-3.4264,29.9246,Africa,capital,hard,4,"Gitega, Burundi",gitega_burundi,1,source
Phnom Penh,,Cambodia,,11.5564,104.9282,Asia,capital,medium,3,"Phnom Penh, Cambodia",phnom_penh_cambodia,1,source
Bamenda,,Cameroon,,5.9527,10.1459,Africa,city,hard,4,"Bamenda, Cameroon",bamenda_cameroon,1,source
Douala,,Cameroon,,4.0511,9.7679,Africa,city,hard,5,"Douala, Cameroon",douala,1,source
Maroua,,Cameroon,,10.5956,14.3157,Africa,city,hard,6,"Maroua, Cameroon",maroua_cameroon,1,source
Yaounde,,Cameroon,,3.848,11.5021,Africa,capital,easy,1,"Yaounde, Cameroon",yaounde_cameroon,2,source
Calgary,,Canada,,51.0447,-114.0719,North_America,city,hard,4,"Calgary, Canada",calgary,1,source
Montreal,,Canada,,45.5017,-73.5673,North_America,city,easy,1,"Montreal, Canada",montreal,1,source
Ottawa,,Canada,,45.4112,-75.6981,North_America,capital,easy,2,"Ottawa, Canada",ottawa_canada,1,source
Quebec City,,Canada,,46.8139,-71.208,North_America,city,hard,4,"Quebec City, Canada",quebec_city,2,source
Toronto,,Canada,,43.6511,-79.347,North_America,city,hard,4,"Toronto, Canada",toronto,1,source
Vancouver,,Canada,,49.2827,-123.1207,North_America,city,medium,3,"Vancouver, Canada",vancouver,1,source
Winnipeg,,Canada,,49.8951,-97.1384,North_America,city,easy,2,"Winnipeg, Canada",winnipeg,1,source
Edmonton,Alberta,Canada,,53.5461,-113.4938,North_America,city,easy,1,"Edmonton, Alberta",edmonton_alberta,1,source
Victoria,British Columbia,Canada,Vancouver Island,48.4284,-123.3656,North_America,city,medium,3,"Victoria, Vancouver Island, British Columbia",victoria_vancouver_island_british_columbia,1,source
Saint John,New Brunswick,Canada,,45.2733,-66.0633,North_America,city,hard,4,"Saint John, New Brunswick",saint_john_new_brunswick,1,source
St. John's,Newfoundland,Canada,,47.5615,-52.7126,North_America,city,easy,1,"St. John's, Newfoundland, Canada",st_john,1,source
Halifax,Nova Scotia,Canada,,44.6488,-63.5752,North_America,city,easy,1,"Halifax, Nova Scotia",halifax_nova_scotia,1,source
Hantsport,Nova Scotia,Canada,,45.0642,-64.1808,North_America,city,easy,2,"Hantsport, Nova Scotia",hantsport_nova_scotia,1,source
South Ohio,Nova Scotia,Canada,,43.6021,-65.8187,North_America,city,hard,4,"South Ohio, Nova Scotia",south_ohio_nova_scotia,1,source
Sydney,Nova Scotia,Canada,,46.1364,-60.1956,North_America,city,easy,2,"Sydney, Nova Scotia",sydney_nova_scotia,1,source
Iqaluit,Nunavut,Canada,,63.7467,-68.517,North_America,city,medium,3,"Iqaluit, Nunavut, Canada",iqaluit_nunavut_canada,2,source
Hamilton,Ontario,Canada,,43.2557,-79.8711,North_America,city,easy,1,"Hamilton, Ontario, Canada",hamilton_ontario_canada,1,source
Kitchener,Ontario,Canada,,43.4516,-80.4925,North_America,city,easy,1,"Kitchener, Ontario, Canada",kitchener_ontario_canada,1,source
London,Ontario,Canada,,42.9849,-81.2453,North_America,city,easy,1,"London, Ontario, Canada",london_ontario_canada,1,source
Port Lambton,Ontario,Canada,,42.6798,-82.4726,North_America,city,easy,2,"Port Lambton, Ontario",port_lambton_ontario,1,source
Regina,Saskatchewan,Canada,,50.4452,-104.6189,North_America,city,easy,1,"Regina, Saskatchewan, Canada",regina_saskatchewan_canada,1,source
Saskatoon,Saskatchewan,Canada,,52.1579,-106.6702,North_America,city,easy,2,"Saskatoon, Saskatchewan, Canada",saskatoon_saskatchewan_canada,1,source
Praia,,Cape Verde,,14.933,-23.5133,Africa,capital,hard,6,"Praia, Cape Verde",praia_cape_verde,1,source
Bangui,,Central African Republic,,4.3947,18.5582,Africa,capital,hard,6,"Bangui, Central African Republic",bangui_central_african_republic,1,source
Moundou,,Chad,,8.5667,16.0833,Africa,city,easy,2,"Moundou, Chad",moundou_chad,1,source
N'Djamena,,Chad,,12.1348,15.0557,Africa,capital,easy,1,"N'Djamena, Chad",ndjamena_chad,1,source
Sarh,,Chad,,9.15,18.3833,Africa,city,easy,1,"Sarh, Chad",sarh_chad,1,source
Antofagasta,,Chile,,-23.6509,-70.3975,South_America,city,easy,1,"Antofagasta, Chile",antofagasta,1,source
Concepción,,Chile,,-36.8201,-73.0444,South_America,city,medium,3,"Concepción, Chile",concepcion,1,source
La Serena,,Chile,,-29.9045,-71.2489,South_America,city,medium,3,"La Serena, Chile",la_serena_chile,1,source
La Serena & Coquimbo,,Chile,,-29.9027,-71.252,South_America,city,easy,2,"La Serena & Coquimbo, Chile",la_serena_coquimbo_chile,1,source
Rancagua,,Chile,,-34.1708,-70.7444,South_America,city,easy,2,"Rancagua, Chile",rancagua_chile,1,source
Santiago,,Chile,,-33.4489,-70.6693,South_America,capital,easy,1,"Santiago, Chile",santiago_chile,1,source
Valdivia,,Chile,,-39.8142,-73.2459,South_America,city,easy,1,"Valdivia, Chile",valdivia_chile,1,source
Valparaiso,,Chile,,-33.0458,-71.6197,South_America,city,hard,4,"Valparaiso, Chile",valparaiso_chile,1,source
Viña del Mar,,Chile,,-33.0153,-71.55,South_America,city,easy,1,"Viña del Mar, Chile",vina_del_mar,1,source
Anyang,,China,,36.096,114.383,Asia,city,easy,1,"Anyang, China",anyang_china,1,source
Baoding,,China,,38.8744,115.4649,Asia,city,medium,3,"Baoding, China",baoding,1,source
Baotou,,China,,40.6571,109.8403,Asia,city,medium,3,"Baotou, China",baotou,1,source
Beijing,,China,,39.9042,116.4074,Asia,capital,hard,4,"Beijing, China",beijing_china,1,source
Changchun,,China,,43.8171,125.3235,Asia,city,hard,5,"Changchun, China",changchun,1,source
Changde,,China,,29.0316,111.6985,Asia,city,medium,3,"Changde, China",changde_china,1,source
Changsha,,China,,28.2282,112.9388,Asia,city,hard,5,"Changsha, China",changsha,1,source
Changzhou,,China,,31.8106,119.9738,Asia,city,hard,5,"Changzhou, China",changzhou,1,source
Chengdu,,China,,30.5728,104.0668,Asia,city,easy,2,"Chengdu, China",chengdu,1,source
Chongqing,,China,,29.5637,106.5504,Asia,city,medium,3,"Chongqing, China",chongqing,1,source
Dalian,,China,,38.914,121.6147,Asia,city,medium,3,"Dalian, China",dalian,1,source
Daqing,,China,,46.5898,125.1038,Asia,city,easy,1,"Daqing, China",daqing,1,source
Dongguan,,China,,23.0209,113.7518,Asia,city,easy,1,"Dongguan, China",dongguan,1,source
Dunhuang,,China,,40.1421,94.6619,Asia,city,hard,4,"Dunhuang, China",dunhuang_china,1,source
Foshan,,China,,23.0219,113.1219,Asia,city,hard,5,"Foshan, China",foshan,1,source
Guangzhou,,China,,23.1291,113.2644,Asia,city,easy,2,"Guangzhou, China",guangzhou,1,source
Guilin,,China,,25.2802,110.2964,Asia,city,hard,5,"Guilin, China",guilin_china,1,source
Guiyang,,China,,26.647,106.6302,Asia,city,easy,1,"Guiyang, China",guiyang,1,source
Haikou,,China,,20.0444,110.192,Asia,city,easy,1,"Haikou, China",haikou,1,source
Handan,,China,,36.6116,114.4894,Asia,city,easy,1,"Handan, China",handan,1,source
Hangzhou,,China,,30.2741,120.1551,Asia,city,easy,2,"Hangzhou, China",hangzhou,1,source
Harbin,,China,,45.8038,126.534,Asia,city,hard,4,"Harbin, China",harbin,1,source
Hefei,,China,,31.8206,117.2272,Asia,city,easy,2,"Hefei, China",hefei,1,source
Hohhot,,China,,40.842,111.75,Asia,city,medium,3,"Hohhot, China",hohhot,1,source
Hong Kong,,China,,22.3193,114.1694,Asia,city,easy,1,"Hong Kong, China",hong_kong,1,source
Huizhou,,China,,23.1115,114.4152,Asia,city,easy,2,"Huizhou, China",huizhou,1,source
Jinan,,China,,36.6512,117.1209,Asia,city,medium,3,"Jinan, China",jinan,1,source
Kunming,,China,,25.0389,102.7183,Asia,city,easy,2,"Kunming, China",kunming,1,source
Lanzhou,,China,,36.0611,103.8343,Asia,city,easy,1,"Lanzhou, China",lanzhou,1,source
Lhasa,,China,,29.6456,91.1408,Asia,city,medium,3,"Lhasa, China",lhasa,1,source
Luoyang,,China,,34.6197,112.454,Asia,city,easy,1,"Luoyang, China",luoyang,1,source
Macau,,China,,22.2109,113.553,Asia,city,medium,3,"Macau, China",macau,1,source
Nanchang,,China,,28.682,115.8579,Asia,city,hard,4,"Nanchang, China",nanchang,1,source
Nanjing,,China,,32.0603,118.7969,Asia,city,easy,1,"Nanjing, China",nanjing,1,source
Nanning,,China,,22.817,108.3665,Asia,city,easy,1,"Nanning, China",nanning,1,source
Nantong,,China,,31.9829,120.8873,Asia,city,hard,4,"Nantong, China",nantong,1,source
Ningbo,,China,,29.8683,121.544,Asia,city,easy,2,"Ningbo, China",ningbo_china,1,source
Putian,,China,,25.454,119.0078,Asia,city,hard,5,"Putian, China",putian,1,source
Qingdao,,China,,36.0671,120.3826,Asia,city,easy,2,"Qingdao, China",qingdao,1,source
Quanzhou,,China,,24.8739,118.6757,Asia,city,easy,1,"Quanzhou, China",quanzhou_china,1,source
Shanghai,,China,,31.2304,121.4737,Asia,city,hard,4,"Shanghai, China",shanghai,1,source
Shantou,,China,,23.3535,116.682,Asia,city,medium,3,"Shantou, China",shantou,1,source
Shaoxing,,China,,30,120.5833,Asia,city,hard,4,"Shaoxing, China",shaoxing,1,source
Shenyang,,China,,41.8057,123.4328,Asia,city,hard,4,"Shenyang, China",shenyang,1,source
Shenzhen,,China,,22.5431,114.0579,Asia,city,medium,3,"Shenzhen, China",shenzhen,1,source
Shijiazhuang,,China,,38.0428,114.5149,Asia,city,hard,4,"Shijiazhuang, China",shijiazhuang,1,source
Suzhou,,China,,31.2989,120.5853,Asia,city,hard,4,"Suzhou, China",suzhou,1,source
Tai'an,,China,,36.1853,117.1201,Asia,city,easy,1,"Tai'an, China",taian,1,source
Taiyuan,,China,,37.8706,112.5489,Asia,city,easy,2,"Taiyuan, China",taiyuan,1,source
Tangshan,,China,,39.6292,118.1742,Asia,city,easy,2,"Tangshan, China",tangshan,1,source
Tianjin,,China,,39.1336,117.2054,Asia,city,easy,1,"Tianjin, China",tianjin,1,source
Urumqi,,China,,43.8256,87.6168,Asia,city,medium,3,"Urumqi, China",urumqi,1,source
Weifang,,China,,36.7069,119.1619,Asia,city,easy,1,"Weifang, China",weifang,1,source
Wenzhou,,China,,28,120.6722,Asia,city,medium,3,"Wenzhou, China",wenzhou,1,source
Wuhan,,China,,30.5928,114.3055,Asia,city,easy,1,"Wuhan, China",wuhan,1,source
Wuxi,,China,,31.4912,120.3119,Asia,city,easy,1,"Wuxi, China",wuxi,1,source
Xi'an,,China,,34.3416,108.9398,Asia,city,easy,1,"Xi'an, China",xian,1,source
Xiamen,,China,,24.4798,118.0894,Asia,city,easy,2,"Xiamen, China",xiamen,1,source
Xingyang,,China,,34.8006,113.646,Asia,city,easy,2,"Xingyang, China",xingyang_china,1,source
Xining,,China,,36.6255,101.7574,Asia,city,easy,1,"Xining, China",xining_china,1,source
Yangzhou,,China,,32.3912,119.4363,Asia,city,easy,1,"Yangzhou, China",yangzhou,1,source
Yantai,,China,,37.4638,121.4479,Asia,city,easy,1,"Yantai, China",yantai,1,source
Yinchuan,,China,,38.4681,106.2731,Asia,city,easy,1,"Yinchuan, China",yinchuan_china,1,source
Zhengzhou,,China,,34.7466,113.6254,Asia,city,easy,2,"Zhengzhou, China",zhengzhou,1,source
Zhongshan,,China,,22.5176,113.3926,Asia,city,medium,3,"Zhongshan, China",zhongshan,1,source
Zibo,,China,,36.8131,118.0548,Asia,city,easy,2,"Zibo, China",zibo,1,source
Qichun County,Hubei Province,China,,30.2104,115.4372,Asia,city,easy,1,"Qichun County, Hubei Province, China",qichun_county_hubei_province_china,1,source
Barranquilla,,Colombia,,10.9685,-74.7813,South_America,city,hard,4,"Barranquilla, Colombia",barranquilla,1,source
Bogota,,Colombia,,4.711,-74.0721,South_America,capital,easy,1,"Bogota, Colombia",bogota_colombia,3,source
Bucaramanga,,Colombia,,7.1193,-73.1227,South_America,city,easy,2,"Bucaramanga, Colombia",bucaramanga,1,source
Cali,,Colombia,,3.4516,-76.532,South_America,city,hard,4,"Cali, Colombia",cali,1,source
Cartagena,,Colombia,,10.391,-75.4794,South_America,city,medium,3,"Cartagena, Colombia",cartagena,1,source
Cúcuta,,Colombia,,7.8891,-72.4967,South_America,city,easy,1,"Cúcuta, Colombia",cucuta,1,source
Ibagué,,Colombia,,4.4389,-75.2322,South_America,city,hard,5,"Ibagué, Colombia",ibague,1,source
Medellin,,Colombia,,6.2442,-75.5812,South_America,city,hard,6,"Medellin, Colombia",medellin_colombia,2,source
Soledad,,Colombia,,10.918,-74.7615,South_America,city,easy,1,"Soledad, Colombia",soledad,1,source
Moroni,,Comoros,,-11.7172,43.2473,Africa,capital,hard,5,"Moroni, Comoros",moroni_comoros,1,source
Brazzaville,,Congo,,-4.2634,15.2429,Africa,capital,hard,4,"Brazzaville, Congo",brazzaville_congo,1,source
Manuel Antonio,,Costa Rica,,9.372,-84.1348,North_America,city,medium,3,"Manuel Antonio, Costa Rica",manuel_antonio,1,source
San José,,Costa Rica,,9.9281,-84.0907,North_America,capital,hard,4,"San José, Costa Rica",san_jose_costa_rica,1,source
Zagreb,,Croatia,,45.815,15.9819,Europe,capital,medium,3,"Zagreb, Croatia",zagreb_croatia,1,source
Guantanamo Bay,,Cuba,,19.9044,-75.0976,North_America,city,easy,2,"Guantanamo Bay, Cuba",guantanamo_bay,1,source
Havana,,Cuba,,23.1136,-82.3666,North_America,capital,easy,1,"Havana, Cuba",havana_cuba,1,source
Santiago de Cuba,,Cuba,,20.0247,-75.821,North_America,city,medium,3,"Santiago de Cuba, Cuba",santiago_de_cuba,1,source
Trinidad,,Cuba,,21.8013,-79.9848,North_America,city,medium,3,"Trinidad, Cuba",trinidad_cuba,1,source
Willemstad,,Curaçao,,12.1091,-68.9316,North_America,city,hard,4,"Willemstad, Curacao",willemstad,1,source
Limassol,,Cyprus,,34.6786,33.0413,Middle_East,city,easy,1,"Limassol, Cyprus",limassol_cyprus,1,source
Nicosia,,Cyprus,,35.1264,33.4299,Middle_East,capital,easy,2,"Nicosia, Cyprus",cyprus,1,source
Paphos,,Cyprus,,34.7754,32.4244,Middle_East,city,medium,3,"Paphos, Cyprus",paphos_cyprus,1,source
Brno,,Czechia,,49.1951,16.6068,Europe,city,hard,4,"Brno, Czechia",brno,1,source
Prague,,Czechia,,50.088,14.4208,Europe,capital,easy,1,"Prague, Czech Republic",prague_czech_republic,2,source
Goma,,Democratic Republic of the Congo,,-1.6741,29.2285,Africa,city,medium,3,"Goma, Democratic Republic of Congo",goma_democratic_republic_of_congo,1,source
Kananga,,Democratic Republic of the Congo,,-5.8962,22.4166,Africa,city,hard,4,"Kananga, Democratic Republic of the Congo",kananga_democratic_republic_of_congo,1,source
Kinshasa,,Democratic Republic of the Congo,,-4.32,15.3,Africa,capital,easy,1,"Kinshasa, Democratic Republic of the Congo",kinshasa_democratic_republic_of_the_congo,2,source
Kisangani,,Democratic Republic of the Congo,,0.5153,25.191,Africa,city,hard,5,"Kisangani, Democratic Republic of the Congo",kisangani_democratic_republic_of_congo,1,source
Lubumbashi,,Democratic Republic of the Congo,,-11.6876,27.5026,Africa,city,easy,2,"Lubumbashi, DR Congo",lubumbashi,1,source
Mbuji-Mayi,,Democratic Republic of the Congo,,-6.15,23.6,Africa,city,hard,4,"Mbuji-Mayi, DR Congo",mbujimayi,1,source
Aarhus,,Denmark,,56.1629,10.2039,Europe,city,easy,2,"Aarhus, Denmark",aarhus_denmark,1,source
Copenhagen,,Denmark,,55.6761,12.5683,Europe,capital,medium,3,"Copenhagen, Denmark",copenhagen_denmark,1,source
Silkeborg,,Denmark,,56.1764,9.5549,Europe,city,medium,3,"Silkeborg, Denmark",silkeborg_denmark,1,source
Djibouti,,Djibouti,,11.5721,43.1456,Africa,capital,easy,1,"Djibouti, Djibouti",djibouti_djibouti,1,source
Roseau,,Dominica,,15.301,-61.3881,North_America,capital,easy,1,"Roseau, Dominica",roseau_dominica,1,source
Santiago de los Caballeros,,Dominican Republic,,19.4504,-70.6908,North_America,city,easy,2,"Santiago de los Caballeros, Dominican Republic",santiago_de_los_caballeros_dominican_republic,1,source
Santo Domingo,,Dominican Republic,,18.4861,-69.9312,North_America,capital,medium,3,"Santo Domingo, Dominican Republic",santo_domingo_dominican_republic,1,source
Guayaquil,,Ecuador,,-2.1894,-79.8891,South_America,city,hard,4,"Guayaquil, Ecuador",guayaquil,1,source
Quito,,Ecuador,,-0.1807,-78.4678,South_America,capital,medium,3,"Quito, Ecuador",quito_ecuador,1,source
Puerto Baquerizo Moreno,Galapagos Islands,Ecuador,,-0.9017,-89.6102,South_America,city,medium,3,"Puerto Baquerizo Moreno, Galapagos Islands",puerto_baquerizo_moreno_galapagos,1,source_cross_reference
Alexandria,,Egypt,,31.2001,29.9187,Africa,city,hard,4,"Alexandria, Egypt",alexandria,1,source
Aswan,,Egypt,,24.0889,32.8998,Africa,city,easy,1,"Aswan, Egypt",aswan_egypt,1,source
Cairo,,Egypt,,30.0444,31.2357,Africa,capital,easy,2,"Cairo, Egypt",cairo_egypt,1,source
Giza,,Egypt,,30.0131,31.2089,Africa,city,hard,4,"Giza, Egypt",giza,1,source
Luxor,,Egypt,,25.6872,32.6396,Africa,city,hard,6,"Luxor, Egypt",luxor_egypt_not_vegas,1,source
Minya,,Egypt,,28.1099,30.7503,Africa,city,easy,1,"Minya, Egypt",minya_egypt,1,source
San Miguel,,El Salvador,,13.4833,-88.1833,North_America,city,easy,2,"San Miguel, El Salvador",san_miguel_el_salvador,1,source
San Salvador,,El Salvador,,13.6894,-89.1872,North_America,capital,hard,5,"San Salvador, El Salvador",san_salvador_el_salvador,1,source
Santa Ana,,El Salvador,,13.9942,-89.5597,North_America,city,easy,1,"Santa Ana, El Salvador",santa_ana_el_salvador,1,source
Ciudad de la Paz,,Equatorial Guinea,,1.5917,10.8222,Africa,capital,medium,3,"Ciudad de la Paz, Equatorial Guinea",ciudad_de_la_paz_equatorial_guinea,1,source
Malabo,,Equatorial Guinea,,3.7504,8.7371,Africa,city,hard,6,"Malabo, Equatorial Guinea",malabo_equatorial_guinea,1,source
Asmara,,Eritrea,,15.3229,38.9251,Africa,capital,hard,4,"Asmara, Eritrea",asmara_eritrea,1,source
Keren,,Eritrea,,15.78,38.45,Africa,city,easy,1,"Keren, Eritrea",keren_eritrea,1,source
Massawa,,Eritrea,,15.61,39.45,Africa,city,medium,3,"Massawa, Eritrea",massawa_eritrea,1,source
Tallinn,,Estonia,,59.437,24.7536,Europe,capital,medium,3,"Tallinn, Estonia",tallinn_estonia,1,source
Tartu,,Estonia,,58.378,26.729,Europe,city,easy,1,"Tartu, Estonia",tartu_estonia,1,source
Lobamba,,Eswatini,,-26.4667,31.2,Africa,capital,medium,3,"Lobamba, Eswatini",lobamba_eswatini,1,source
Mbabane,,Eswatini,,-26.3054,31.1367,Africa,capital,medium,3,"Mbabane, Eswatini",mbabane_eswatini,1,source
Addis Ababa,,Ethiopia,,9.0222,38.7469,Africa,capital,medium,3,"Addis Ababa, Ethiopia",addis_ababa_ethiopia,1,source
Jimma,,Ethiopia,,7.6667,36.8333,Africa,city,medium,3,"Jimma, Ethiopia",jimma_ethiopia,1,source
Stanley,,Falkland Islands,,-51.6977,-57.8517,South_America,city,medium,3,"Stanley, Falkland Islands",stanley_falkland_islands,1,source
Suva,,Fiji,,-18.1416,178.4415,Oceania,capital,hard,5,"Suva, Fiji",suva_fiji,1,source
Helsinki,,Finland,,60.1699,24.9384,Europe,capital,medium,3,"Helsinki, Finland",helsinki_finland,1,source
Oulu,,Finland,,65.0121,25.4651,Europe,city,medium,3,"Oulu, Finland",oulu_finland,1,source
Tampere,,Finland,,61.4978,23.761,Europe,city,medium,3,"Tampere, Finland",tampere_finland,1,source
Turku,,Finland,,60.4518,22.2666,Europe,city,hard,4,"Turku, Finland",turku_finland,1,source
Amiens,,France,,49.8942,2.2957,Europe,city,hard,4,"Amiens, France",amiens_france,1,source
Bordeaux,,France,,44.8378,-0.5792,Europe,city,hard,6,"Bordeaux, France",bordeaux_france,1,source
Caen,,France,,49.1829,-0.3707,Europe,city,hard,5,"Caen, France",caen_france,1,source
Ciboure,,France,,43.3881,-1.663,Europe,city,medium,3,"Ciboure, France",ciboure_france,1,source
Colmar,,France,,48.079,7.3585,Europe,city,medium,3,"Colmar, France",colmar_france,1,source
Dijon,,France,,47.3167,5.0167,Europe,city,easy,2,"Dijon, France",dijon,1,source
Dunkirk,,France,,51.035,2.377,Europe,city,easy,1,"Dunkirk, France",dunkirk_france,1,source
Grenoble,,France,,45.1885,5.7245,Europe,city,easy,2,"Grenoble, France",grenoble_france,1,source
Le Havre,,France,,49.4944,0.1079,Europe,city,hard,5,"Le Havre, France",le_havre,1,source
Lille,,France,,50.6292,3.0573,Europe,city,hard,6,"Lille, France",lille_france,1,source
Lyon,,France,,45.764,4.8357,Europe,city,medium,3,"Lyon, France",lyon,1,source
Marseille,,France,,43.2965,5.3698,Europe,city,medium,3,"Marseille, France",marseille,1,source
Montgeron,,France,,48.7062,2.4578,Europe,city,hard,6,"Montgeron, France",montgeron_france,1,source
Montpellier,,France,,43.6108,3.8767,Europe,city,hard,5,"Montpellier, France",montpellier,1,source
Nantes,,France,,47.2184,-1.5536,Europe,city,easy,1,"Nantes, France",nantes_france,1,source
Nice,,France,,43.7102,7.262,Europe,city,hard,5,"Nice, France",nice,1,source
Orleans,,France,,47.9029,1.9093,Europe,city,hard,5,"Orleans, France",orleans_france,1,source
Paris,,France,,48.8566,2.3522,Europe,capital,hard,4,"Paris, France",paris_france,1,source
Reims,,France,,49.2606,4.0305,Europe,city,easy,2,"Reims, France",reims_france,1,source
Rennes,,France,,48.1173,-1.6778,Europe,city,hard,4,"Rennes, France",rennes,1,source
Rouen,,France,,49.4432,1.0993,Europe,city,hard,5,"Rouen, France",rouen_france,1,source
Saint-Etienne,,France,,45.4397,4.3872,Europe,city,hard,4,"Saint-Etienne, France",saintetienne,1,source
Saint-Quentin,,France,,49.8483,3.2876,Europe,city,hard,5,"Saint-Quentin, France",saintquentin_france,1,source
Saint-Tropez,,France,,43.2672,6.6407,Europe,city,hard,4,"Saint-Tropez, France",sainttropez_france,1,source
Strasbourg,,France,,48.5734,7.7521,Europe,city,easy,1,"Strasbourg, France",strasbourg_france,1,source
Toulon,,France,,43.1242,5.928,Europe,city,hard,5,"Toulon, France",toulon_france,1,source
Toulouse,,France,,43.6047,1.4442,Europe,city,medium,3,"Toulouse, France",toulouse,1,source
Tours,,France,,47.3941,0.6848,Europe,city,hard,5,"Tours, France",tours_france,1,source
Verdun,,France,,49.16,5.3833,Europe,city,hard,5,"Verdun, France",verdun_france,1,source
Versailles,,France,,48.8047,2.1218,Europe,city,easy,2,"Versailles, France",versailles,1,source
Cayenne,,French Guiana,,4.9224,-52.3135,South_America,city,easy,2,"Cayenne, French Guiana",cayenne_french_guiana,1,source
Papeete,Tahiti,French Polynesia,,-17.5516,-149.5585,Oceania,city,hard,4,"Papeete, Tahiti",papeete_tahiti,2,source_cross_reference
Libreville,,Gabon,,0.4162,9.4673,Africa,capital,hard,4,"Libreville, Gabon",libreville_gabon,1,source
Port-Gentil,,Gabon,,-0.7193,8.7815,Africa,city,hard,4,"Port-Gentil, Gabon",port_gentil_gabon,1,source
Batumi,,Georgia,,41.6168,41.6367,Middle_East,city,easy,2,"Batumi, Georgia (Country)",batumi_georgia,1,source
Kutaisi,,Georgia,,42.2679,42.6946,Middle_East,city,medium,3,"Kutaisi, Georgia (Country)",kutaisi_georgia,1,source
Tbilisi,,Georgia,,41.7151,44.8271,Middle_East,capital,easy,1,"Tbilisi, Georgia (Country)",tbilisi_georgia_country,3,source
Andernach,,Germany,,50.434,7.404,Europe,city,easy,1,"Andernach, Germany",andernach_germany,1,source
Bad Blankenburg,,Germany,,50.6814,11.2707,Europe,city,easy,1,"Bad Blankenburg, Germany",bad_blankenburg_germany,1,source
Bergen,,Germany,,52.7578,9.9078,Europe,city,hard,5,"Bergen, Germany",bergen_germany,1,source
Berlin,,Germany,,52.52,13.405,Europe,capital,hard,5,"Berlin, Germany",berlin_germany,1,source
Bonn,,Germany,,50.7374,7.0982,Europe,city,medium,3,"Bonn, Germany",bonn_germany,1,source
Bremen,,Germany,,53.0793,8.8017,Europe,city,medium,3,"Bremen, Germany",bremen_germany,1,source
Cologne,,Germany,,50.9352,6.9531,Europe,city,easy,2,"Cologne, Germany",cologne,1,source
Darmstadt,,Germany,,49.8728,8.6512,Europe,city,medium,3,"Darmstadt, Germany",darmstadt_germany,1,source
Dortmund,,Germany,,51.5136,7.4653,Europe,city,medium,3,"Dortmund, Germany",dortmund,1,source
Dresden,,Germany,,51.0504,13.7373,Europe,city,medium,3,"Dresden, Germany",dresden_germany,1,source
Duisburg,,Germany,,51.4344,6.7623,Europe,city,medium,3,"Duisburg, Germany",duisburg,1,source
Düsseldorf,,Germany,,51.2277,6.7735,Europe,city,easy,2,"Düsseldorf, Germany",dusseldorf,1,source
Erlangen,,Germany,,49.5979,11.004,Europe,city,medium,3,"Erlangen, Germany",erlangen_germany,1,source
Essen,,Germany,,51.4556,7.0116,Europe,city,easy,1,"Essen, Germany",essen,1,source
Frankfurt,,Germany,,50.1109,8.6821,Europe,city,hard,6,"Frankfurt, Germany",frankfurt,1,source
Hamburg,,Germany,,53.5511,9.9937,Europe,city,medium,3,"Hamburg, Germany",hamburg,1,source
Hanover,,Germany,,52.3759,9.732,Europe,city,easy,1,"Hanover, Germany",hanover_germany,1,source
Kiel,,Germany,,54.3233,10.1228,Europe,city,hard,6,"Kiel, Germany",kiel_germany,1,source
Leipzig,,Germany,,51.3397,12.3731,Europe,city,easy,1,"Leipzig, Germany",leipzig,1,source
Mainz,,Germany,,49.9929,8.2473,Europe,city,medium,3,"Mainz, Germany",mainz_germany,1,source
Munich,,Germany,,48.1374,11.5755,Europe,city,easy,2,"Munich, Germany",munich,1,source
Nuremberg,,Germany,,49.4521,11.0767,Europe,city,medium,3,"Nuremberg, Germany",nuremberg,1,source
Oldenburg,,Germany,,53.1435,8.2146,Europe,city,medium,3,"Oldenburg, Germany",oldenburg_germany,1,source
Rothenburg ob der Tauber,,Germany,,49.3769,10.1789,Europe,city,easy,1,"Rothenburg ob der Tauber, Germany",rothenburg_ob_der_tauber,1,source
Stuttgart,,Germany,,48.7758,9.1829,Europe,city,easy,1,"Stuttgart, Germany",stuttgart,1,source
Wittenberg,,Germany,,51.8647,12.6469,Europe,city,easy,1,"Wittenberg, Germany",wittenberg_germany,1,source
Accra,,Ghana,,5.6037,-0.187,Africa,capital,hard,4,"Accra, Ghana",accra_ghana,1,source
Kumasi,,Ghana,,6.6885,-1.6244,Africa,city,easy,2,"Kumasi, Ghana",kumasi,1,source
Takoradi,,Ghana,,4.9016,-1.7831,Africa,city,medium,3,"Takoradi, Ghana",takoradi_ghana,1,source
Athens,,Greece,,37.9795,23.7162,Europe,capital,easy,2,"Athens, Greece",athens_greece,1,source
Neapoli,,Greece,,35.2583,25.6508,Europe,city,easy,1,"Neapoli, Greece",neapoli_crete,1,source
Santorini (Oia),,Greece,,36.4618,25.3753,Middle_East,city,hard,5,"Santorini (Oia), Greece",santorini_oia,1,source
Sparta,,Greece,,37.0745,22.4301,Europe,city,medium,3,"Sparta, Greece",sparta,1,source
Thessaloniki,,Greece,,40.6401,22.9444,Europe,city,easy,1,"Thessaloniki, Greece",thessaloniki,1,source
Nuuk,,Greenland,,64.1835,-51.7216,North_America,capital,easy,1,"Nuuk, Greenland",nuuk_greenland,1,source
St. George's,,Grenada,,12.0564,-61.7485,North_America,capital,medium,3,"St. George's, Grenada",st_george,1,source
Basse-Terre,,Guadeloupe,,16.01,-61.705,North_America,capital,hard,6,"Basse-Terre, Guadeloupe",basse_terre_guadeloupe,1,source
Hagåtña,,Guam,,13.4757,144.7489,Oceania,capital,hard,6,"Hagåtña, Guam",hagatna_guam,1,source
Guatemala City,,Guatemala,,14.6211,-90.5269,North_America,capital,easy,1,"Guatemala City, Guatemala",guatemala_city_guatemala,1,source
Monteverde,,Guatemala,,15.4307,-91.3122,North_America,city,hard,6,"Monteverde, Guatemala",monteverde_guatemala,1,source
Conakry,,Guinea,,9.6412,-13.5784,Africa,capital,hard,4,"Conakry, Guinea",conakry_guinea,1,source
Kankan,,Guinea,,10.3854,-9.3055,Africa,city,medium,3,"Kankan, Guinea",kankan_guinea,1,source
N'Zérékoré,,Guinea,,7.7562,-8.8179,Africa,city,hard,6,"N'Zérékoré, Guinea",nzerekore_guinea,1,source
Bissau,,Guinea-Bissau,,11.8817,-15.617,Africa,capital,medium,3,"Bissau, Guinea-Bissau",bissau_guineabissau,1,source
Georgetown,,Guyana,,6.8013,-58.1551,South_America,capital,hard,4,"Georgetown, Guyana",georgetown_guyana,1,source
Linden,,Guyana,,6.0019,-58.2989,South_America,city,easy,1,"Linden, Guyana",linden_guyana,1,source
Cap-Haitien,,Haiti,,19.7595,-72.1982,North_America,city,easy,2,"Cap-Haitien, Haiti",caphaitien_haiti,1,source
Port-au-Prince,,Haiti,,18.5944,-72.3074,North_America,capital,medium,3,"Port-au-Prince, Haiti",portauprince_haiti,1,source
San Pedro Sula,,Honduras,,15.5,-88.0333,North_America,city,hard,4,"San Pedro Sula, Honduras",san_pedro_sula,1,source
Tegucigalpa,,Honduras,,14.0723,-87.1921,North_America,capital,easy,1,"Tegucigalpa, Honduras",tegucigalpa_honduras,1,source
Budapest,,Hungary,,47.4979,19.0402,Europe,capital,easy,2,"Budapest, Hungary",budapest_hungary,1,source
Debrecen,,Hungary,,47.5316,21.6273,Europe,city,easy,2,"Debrecen, Hungary",debrecen_hungary,1,source
Pécs,,Hungary,,46.0727,18.2323,Europe,city,easy,1,"Pécs, Hungary",pecs_hungary,1,source
Husavik,,Iceland,,66.0444,-17.3389,Europe,city,medium,3,"Husavik, Iceland",husavik_iceland,1,source
Kirkjubaejarklaustur,,Iceland,,63.7833,-18.05,Europe,city,hard,5,"Kirkjubaejarklaustur, Iceland",kirkjubaejarklaustur_iceland,1,source
Reykjavik,,Iceland,,64.1355,-21.8954,Europe,capital,easy,2,"Reykjavik, Iceland",reykjavik_iceland,1,source
Agra,,India,,27.1767,78.0081,Asia,city,medium,3,"Agra, India",agra,1,source
Ahmedabad,,India,,23.0339,72.585,Asia,city,easy,1,"Ahmedabad, India",ahmedabad,1,source
Ajmer,,India,,26.4499,74.6399,Asia,city,medium,3,"Ajmer, India",ajmer,1,source
Akola,,India,,20.7059,77.0028,Asia,city,easy,1,"Akola, India",akola,1,source
Aligarh,,India,,27.8974,78.088,Asia,city,hard,4,"Aligarh, India",aligarh,1,source
Amravati,,India,,20.9374,77.7796,Asia,city,hard,4,"Amravati, India",amravati,1,source
Amritsar,,India,,31.634,74.8723,Asia,city,easy,2,"Amritsar, India",amritsar,1,source
Asansol,,India,,23.6739,86.9524,Asia,city,medium,3,"Asansol, India",asansol,1,source
Aurangabad,,India,,19.8762,75.3433,Asia,city,hard,5,"Aurangabad, India",aurangabad,1,source
Bareilly,,India,,28.367,79.4304,Asia,city,easy,2,"Bareilly, India",bareilly,1,source
Belgaum,,India,,15.8497,74.4977,Asia,city,easy,1,"Belgaum, India",belgaum,1,source
Bengaluru,,India,,12.9716,77.5946,Asia,city,medium,3,"Bengaluru, India",bangalore,1,source
Bhagalpur,,India,,25.2425,87.0079,Asia,city,easy,1,"Bhagalpur, India",bhagalpur,1,source
Bhavnagar,,India,,21.7645,72.1519,Asia,city,easy,1,"Bhavnagar, India",bhavnagar,1,source
Bhilai,,India,,21.2167,81.4333,Asia,city,medium,3,"Bhilai, India",bhilai,1,source
Bhiwandi,,India,,19.2813,73.0483,Asia,city,easy,1,"Bhiwandi, India",bhiwandi,1,source
Bhopal,,India,,23.2599,77.4126,Asia,city,medium,3,"Bhopal, India",bhopal,1,source
Bikaner,,India,,28.0229,73.3119,Asia,city,easy,2,"Bikaner, India",bikaner,1,source
Bokaro,,India,,23.6693,86.1511,Asia,city,medium,3,"Bokaro, India",bokaro,1,source
Chandigarh,,India,,30.7333,76.7794,Asia,city,hard,5,"Chandigarh, India",chandigarh,1,source
Chennai,,India,,13.0827,80.2707,Asia,city,hard,4,"Chennai, India",chennai,1,source
Coimbatore,,India,,11.0168,76.9558,Asia,city,medium,3,"Coimbatore, India",coimbatore,1,source
Cuttack,,India,,20.4625,85.883,Asia,city,easy,2,"Cuttack, India",cuttack,1,source
Davangere,,India,,14.4644,75.9218,Asia,city,easy,2,"Davangere, India",davangere,1,source
Delhi,,India,,28.6139,77.209,Asia,city,easy,2,"Delhi, India",delhi,1,source
Dhanbad,,India,,23.7957,86.4304,Asia,city,easy,1,"Dhanbad, India",dhanbad,1,source
Dharasana,,India,,20.6014,72.7558,Asia,city,easy,1,"Dharasana, India",dharasana_india,1,source
Durgapur,,India,,23.5204,87.3119,Asia,city,easy,2,"Durgapur, India",durgapur,1,source
Faridabad,,India,,28.4089,77.3178,Asia,city,easy,2,"Faridabad, India",faridabad,1,source
Firozabad,,India,,27.1591,78.3957,Asia,city,medium,3,"Firozabad, India",firozabad,1,source
Gaya,,India,,24.7914,85.0002,Asia,city,hard,6,"Gaya, India",gaya_india,1,source
Ghaziabad,,India,,28.6692,77.4538,Asia,city,medium,3,"Ghaziabad, India",ghaziabad,1,source
Goa,,India,,15.2993,74.124,Asia,city,easy,1,"Goa, India",goa_india,1,source
Gorakhpur,,India,,26.7606,83.3732,Asia,city,easy,1,"Gorakhpur, India",gorakhpur,1,source
Gulbarga,,India,,17.3297,76.8343,Asia,city,hard,6,"Gulbarga, India",gulbarga,1,source
Guntur,,India,,16.3067,80.4365,Asia,city,hard,4,"Guntur, India",guntur,1,source
Guwahati,,India,,26.1445,91.7362,Asia,city,easy,2,"Guwahati, India",guwahati,1,source
Gwalior,,India,,26.2183,78.1828,Asia,city,easy,1,"Gwalior, India",gwalior,1,source
Howrah,,India,,22.5958,88.2636,Asia,city,hard,4,"Howrah, India",howrah,1,source
Hubli,,India,,15.3647,75.124,Asia,city,easy,2,"Hubli, India",hubli,1,source
Hyderabad,,India,,17.385,78.4867,Asia,city,easy,2,"Hyderabad, India",hyderabad,1,source
Indore,,India,,22.7196,75.8577,Asia,city,easy,1,"Indore, India",indore,1,source
Jabalpur,,India,,23.1815,79.9864,Asia,city,easy,2,"Jabalpur, India",jabalpur,1,source
Jaipur,,India,,26.9124,75.7873,Asia,city,easy,1,"Jaipur, India",jaipur,1,source
Jammu,,India,,32.7266,74.857,Asia,city,easy,1,"Jammu, India",jammu,1,source
Jamnagar,,India,,22.4707,70.0577,Asia,city,easy,2,"Jamnagar, India",jamnagar,1,source
Jamshedpur,,India,,22.8046,86.2029,Asia,city,medium,3,"Jamshedpur, India",jamshedpur,1,source
Jhansi,,India,,25.4484,78.5685,Asia,city,hard,5,"Jhansi, India",jhansi,1,source
Jodhpur,,India,,26.2389,73.0243,Asia,city,hard,6,"Jodhpur, India",jodhpur,1,source
Kanpur,,India,,26.4499,80.3319,Asia,city,medium,3,"Kanpur, India",kanpur,1,source
Kochi,,India,,9.9312,76.2673,Asia,city,medium,3,"Kochi, India",kochi,1,source
Kolhapur,,India,,16.705,74.2433,Asia,city,medium,3,"Kolhapur, India",kolhapur,1,source
Kolkata,,India,,22.5726,88.3639,Asia,city,easy,2,"Kolkata, India",kolkata,1,source
Kota,,India,,25.2138,75.8648,Asia,city,hard,4,"Kota, India",kota,1,source
Kozhikode,,India,,11.2588,75.7804,Asia,city,easy,2,"Kozhikode, India",kozhikode,1,source
Kurnool,,India,,15.8281,78.0373,Asia,city,easy,1,"Kurnool, India",kurnool,1,source
Loni,,India,,28.7528,77.2912,Asia,city,easy,1,"Loni, India",loni,1,source
Lucknow,,India,,26.8467,80.9462,Asia,city,medium,3,"Lucknow, India",lucknow,1,source
Ludhiana,,India,,30.901,75.8573,Asia,city,easy,1,"Ludhiana, India",ludhiana,1,source
Madurai,,India,,9.919,78.1195,Asia,city,easy,1,"Madurai, India",madurai_india,1,source
Mangaluru,,India,,12.9141,74.856,Asia,city,medium,3,"Mangaluru, India",mangalore,1,source
Meerut,,India,,28.9845,77.7064,Asia,city,easy,2,"Meerut, India",meerut,1,source
Moradabad,,India,,28.8389,78.7769,Asia,city,hard,6,"Moradabad, India",moradabad,1,source
Mumbai,,India,,19.076,72.8777,Asia,city,easy,1,"Mumbai, India",mumbai,1,source
Mysore,,India,,12.2958,76.6394,Asia,city,easy,2,"Mysore, India",mysore,1,source
Nagpur,,India,,21.1458,79.0882,Asia,city,easy,2,"Nagpur, India",nagpur,1,source
Nanded,,India,,19.1383,77.321,Asia,city,hard,4,"Nanded, India",nanded,1,source
Nashik,,India,,20.0114,73.7906,Asia,city,easy,2,"Nashik, India",nashik,1,source
New Delhi,,India,,28.6139,77.209,Asia,capital,easy,2,"New Delhi, India",new_delhi_india,1,source
Nizamabad,,India,,18.6725,78.0941,Asia,city,easy,2,"Nizamabad, India",nizamabad,1,source
Patiala,,India,,30.3398,76.3869,Asia,city,hard,4,"Patiala, India",patiala,1,source
Patna,,India,,25.5941,85.1376,Asia,city,easy,1,"Patna, India",patna,1,source
Prayagraj,,India,,25.4358,81.8463,Asia,city,hard,6,"Prayagraj, India",prayagraj_india,1,source
Pune,,India,,18.5204,73.8567,Asia,city,medium,3,"Pune, India",pune,1,source
Raipur,,India,,21.2514,81.6296,Asia,city,medium,3,"Raipur, India",raipur,1,source
Rajkot,,India,,22.3039,70.8022,Asia,city,hard,5,"Rajkot, India",rajkot,1,source
Ranchi,,India,,23.3441,85.3096,Asia,city,easy,2,"Ranchi, India",ranchi,1,source
Rishikesh,,India,,30.0869,78.2676,Asia,city,hard,6,"Rishikesh, India",rishikesh_india,1,source
Saharanpur,,India,,29.9639,77.5468,Asia,city,easy,2,"Saharanpur, India",saharanpur,1,source
Salem,,India,,11.6643,78.146,Asia,city,medium,3,"Salem, India",salem,1,source
Siliguri,,India,,26.7271,88.3953,Asia,city,medium,3,"Siliguri, India",siliguri,1,source
Solapur,,India,,17.6599,75.9064,Asia,city,medium,3,"Solapur, India",solapur,1,source
Srinagar,,India,,34.0837,74.7973,Asia,city,easy,2,"Srinagar, India",srinagar,1,source
Surat,,India,,21.1702,72.8311,Asia,city,medium,3,"Surat, India",surat,1,source
Thane,,India,,19.2183,72.9781,Asia,city,hard,5,"Thane, India",thane,1,source
Thiruvananthapuram,,India,,8.5241,76.9366,Asia,city,easy,2,"Thiruvananthapuram, India",thiruvananthapuram,1,source
Tiruchirappalli,,India,,10.7905,78.7047,Asia,city,medium,3,"Tiruchirappalli, India",tiruchirappalli,1,source
Tirunelveli,,India,,8.7139,77.7567,Asia,city,easy,1,"Tirunelveli, India",tirunelveli,1,source
Tiruppatur,,India,,12.4947,78.5732,Asia,city,easy,2,"Tiruppatur, India",tiruppatur,1,source
Udaipur,,India,,24.5854,73.7125,Asia,city,easy,1,"Udaipur, India",udaipur,1,source
Ujjain,,India,,23.1765,75.7885,Asia,city,medium,3,"Ujjain, India",ujjain,1,source
Ulhasnagar,,India,,19.2183,73.1631,Asia,city,medium,3,"Ulhasnagar, India",ulhasnagar,1,source
Vadodara,,India,,22.3072,73.1812,Asia,city,medium,3,"Vadodara, India",vadodara,1,source
Varanasi,,India,,25.3176,82.9739,Asia,city,hard,5,"Varanasi, India",varanasi,1,source
Vijayawada,,India,,16.5062,80.648,Asia,city,hard,4,"Vijayawada, India",vijayawada,1,source
Visakhapatnam,,India,,17.6868,83.2185,Asia,city,medium,3,"Visakhapatnam, India",visakhapatnam,1,source
Warangal,,India,,17.9784,79.5941,Asia,city,medium,3,"Warangal, India",warangal,1,source
Tilonia,Rajasthan (India),India,,26.4327,74.62,Asia,city,medium,3,"Tilonia, Rajasthan (India)",tilonia_rajasthan_india,1,source_cross_reference
Dehradun,Uttarakhand,India,,30.3165,78.0322,Asia,city,hard,4,"Dehradun, Uttarakhand, India",dehradun_uttarakhand_india,1,source
Bandar Lampung,,Indonesia,,-5.4292,105.2611,Asia,city,hard,5,"Bandar Lampung, Indonesia",bandar_lampung_indonesia,1,source
Bandung,,Indonesia,,-6.9175,107.6191,Asia,city,easy,1,"Bandung, Indonesia",bandung,1,source
Batam,,Indonesia,,1.0456,104.0305,Asia,city,easy,1,"Batam, Indonesia",batam,1,source
Bekasi,,Indonesia,,-6.2383,107,Asia,city,easy,2,"Bekasi, Indonesia",bekasi,1,source
Bogor,,Indonesia,,-6.5971,106.806,Asia,city,easy,1,"Bogor, Indonesia",bogor,1,source
Denpasar,,Indonesia,,-8.6705,115.2126,Asia,city,easy,1,"Denpasar, Indonesia",denpasar,1,source
Depok,,Indonesia,,-6.4025,106.7942,Asia,city,easy,2,"Depok, Indonesia",depok,1,source
Jakarta,,Indonesia,,-6.2088,106.8456,Asia,capital,medium,3,"Jakarta, Indonesia",jakarta_indonesia,1,source
Makassar,,Indonesia,,-5.1486,119.4319,Asia,city,hard,6,"Makassar, Indonesia",makassar_indonesia,1,source
Medan,,Indonesia,,3.5952,98.6722,Asia,city,hard,6,"Medan, Indonesia",medan,1,source
Pekanbaru,,Indonesia,,0.5071,101.4478,Asia,city,hard,6,"Pekanbaru, Indonesia",pekanbaru,1,source
Semarang,,Indonesia,,-6.9666,110.4196,Asia,city,hard,4,"Semarang, Indonesia",semarang,1,source
South Tangerang,,Indonesia,,-6.2894,106.7108,Asia,city,medium,3,"South Tangerang, Indonesia",south_tangerang,1,source
Surabaya,,Indonesia,,-7.2575,112.7521,Asia,city,hard,6,"Surabaya, Indonesia",surabaya,1,source
Tangerang,,Indonesia,,-6.1702,106.6403,Asia,city,medium,3,"Tangerang, Indonesia",tangerang,1,source
Ternate,,Indonesia,,0.7893,127.37,Asia,city,hard,4,"Ternate, Indonesia",ternate,1,source
Balikpapan,Borneo,Indonesia,,-1.2654,116.8312,Asia,city,medium,3,"Balikpapan, Borneo, Indonesia",balikpapan_borneo_indonesia,1,source
Komodo Village,Komodo Island,Indonesia,,-8.566,119.489,Asia,city,easy,2,"Komodo Village, Komodo Island, Indonesia",komodo_village_komodo_island,1,source
Jayapura,New Guinea,Indonesia,,-2.5916,140.669,Asia,city,hard,5,"Jayapura, New Guinea, Indonesia",jayapura_new_guinea_indonesia,1,source
Palembang,South Sumatra,Indonesia,,-2.9761,104.7754,Asia,city,easy,1,"Palembang, South Sumatra, Indonesia",palembang_indonesia,1,source
Padang,West Sumatra,Indonesia,,-0.9471,100.4172,Asia,city,easy,1,"Padang, West Sumatra, Indonesia",padang_west_sumatra_indonesia,1,source
Esfahan,,Iran,,32.6546,51.668,Middle_East,city,hard,5,"Esfahan, Iran",esfahan,1,source
Karaj,,Iran,,35.8327,50.9915,Middle_East,city,hard,6,"Karaj, Iran",karaj_iran,1,source
Mashhad,,Iran,,36.2605,59.6168,Middle_East,city,easy,2,"Mashhad, Iran",mashhad,1,source
Shiraz,,Iran,,29.5918,52.5836,Middle_East,city,easy,2,"Shiraz, Iran",shiraz,1,source
Tabriz,,Iran,,38.0962,46.2738,Middle_East,city,easy,1,"Tabriz, Iran",tabriz,1,source
Tehran,,Iran,,35.6892,51.389,Middle_East,capital,hard,4,"Tehran, Iran",tehran_iran,1,source
Baghdad,,Iraq,,33.3128,44.3615,Middle_East,capital,medium,3,"Baghdad, Iraq",baghdad_iraq,1,source
Basra,,Iraq,,30.5085,47.7804,Middle_East,city,easy,2,"Basra, Iraq",basra_iraq,1,source
Erbil,,Iraq,,36.1912,44.0094,Middle_East,city,hard,4,"Erbil, Iraq",erbil_iraq,1,source
Mosul,,Iraq,,36.3456,43.157,Middle_East,city,medium,3,"Mosul, Iraq",mosul,1,source
Nasiriyah,,Iraq,,31.058,46.2573,Middle_East,city,medium,3,"Nasiriyah, Iraq",nasiriyah,1,source
Samarra,,Iraq,,34.1998,43.8709,Middle_East,city,hard,5,"Samarra, Iraq",samarra_iraq,1,source
Athlone,,Ireland,,53.4239,-7.9407,Europe,city,medium,3,"Athlone, Ireland",athlone,1,source
Cork,,Ireland,,51.8985,-8.4756,Europe,city,medium,3,"Cork, Ireland",cork_ireland,1,source
Dublin,,Ireland,,53.3498,-6.2603,Europe,capital,hard,6,"Dublin, Ireland",dublin_ireland,1,source
Kinsale,,Ireland,,51.706,-8.5309,Europe,city,medium,3,"Kinsale, Ireland",kinsale,1,source
Haifa,,Israel,,32.794,34.9896,Middle_East,city,easy,2,"Haifa, Israel",haifa,1,source
Jerusalem,,Israel,,31.772,35.217,Middle_East,capital,medium,3,"Jerusalem, Israel",jerusalem_israel,1,source
Nazareth,,Israel,,32.6996,35.3035,Middle_East,city,easy,1,"Nazareth, Israel",nazareth,1,source
Tel Aviv,,Israel,,32.0853,34.7818,Middle_East,city,easy,2,"Tel Aviv, Israel",tel_aviv,1,source
Arezzo,,Italy,,43.4633,11.8796,Europe,city,easy,1,"Arezzo, Italy",arezzo_italy,1,source
Assisi,,Italy,,43.0707,12.6196,Europe,city,medium,3,"Assisi, Italy",assisi_italy,1,source
Bari,,Italy,,41.1171,16.8719,Europe,city,easy,1,"Bari, Italy",bari_italy,1,source
Bologna,,Italy,,44.4949,11.3426,Europe,city,easy,1,"Bologna, Italy",bologna,1,source
Burano,,Italy,,45.4853,12.4167,Europe,city,hard,4,"Burano, Italy",burano,1,source
Cagliari,,Italy,,39.2238,9.1217,Europe,city,easy,1,"Cagliari, Italy",cagliari_italy,1,source
Caprese,,Italy,,43.6403,11.9855,Europe,city,hard,4,"Caprese, Italy",caprese_italy,1,source
Catania,,Italy,,37.5079,15.083,Europe,city,easy,1,"Catania, Italy",catania_italy,1,source
Cinque Terre (Manarola),,Italy,,44.107,9.7265,Europe,city,hard,4,"Cinque Terre (Manarola), Italy",cinque_terre_manarola,1,source
Cinque Terre (Riomaggiore),,Italy,,44.0996,9.7378,Europe,city,hard,6,"Cinque Terre (Riomaggiore), Italy",cinque_terre_riomaggiore,1,source
Florence,,Italy,,43.7699,11.2556,Europe,city,easy,1,"Florence, Italy",florence,1,source
Genoa,,Italy,,44.4056,8.9463,Europe,city,hard,6,"Genoa, Italy",genoa,1,source
Messina,,Italy,,38.1938,15.554,Europe,city,easy,1,"Messina, Italy",messina_italy,1,source
Milan,,Italy,,45.4642,9.19,Europe,city,hard,5,"Milan, Italy",milan,1,source
Naples,,Italy,,40.8518,14.2681,Europe,city,easy,1,"Naples, Italy",naples,1,source
Padua,,Italy,,45.4064,11.8768,Europe,city,easy,1,"Padua, Italy",padua_italy,1,source
Palermo,,Italy,,38.1157,13.3615,Europe,city,easy,1,"Palermo, Italy",palermo,1,source
Pisa,,Italy,,43.7228,10.4017,Europe,city,easy,2,"Pisa, Italy",pisa_italy,1,source
Positano,,Italy,,40.628,14.485,Europe,city,medium,3,"Positano, Italy",positano,1,source
Procida,,Italy,,40.7594,14.0131,Europe,city,easy,1,"Procida, Italy",procida,1,source
Rome,,Italy,,41.9028,12.4964,Europe,capital,hard,4,"Rome, Italy",rome_italy,1,source
Tivoli,,Italy,,41.9594,12.8022,Europe,city,easy,1,"Tivoli, Italy",tivoli_italy,1,source
Trieste,,Italy,,45.6495,13.7768,Europe,city,easy,1,"Trieste, Italy",trieste_italy,1,source
Turin,,Italy,,45.0703,7.6869,Europe,city,easy,2,"Turin, Italy",turin,1,source
Venice,,Italy,,45.4408,12.3155,Europe,city,hard,4,"Venice, Italy",venice,1,source
Verona,,Italy,,45.4384,10.9917,Europe,city,easy,1,"Verona, Italy",verona_italy,1,source
Syracuse,Sicily,Italy,,37.0755,15.2866,Europe,city,medium,3,"Syracuse, Sicily",syracuse_sicily,1,source_cross_reference
Abidjan,,Ivory Coast,,5.3453,-4.0244,Africa,city,easy,1,"Abidjan, Ivory Coast",abidjan_ivory_coast,1,source
Bouaké,,Ivory Coast,,7.6939,-5.0308,Africa,city,easy,1,"Bouaké, Ivory Coast",bouake_ivory_coast,1,source
San-Pédro,,Ivory Coast,,4.7485,-6.6363,Africa,city,hard,4,"San-Pédro, Ivory Coast",san_pedro_ivory_coast,1,source
Yamoussoukro,,Ivory Coast,,6.8276,-5.2893,Africa,capital,hard,4,"Yamoussoukro, Ivory Coast",yamoussoukro_ivory_coast,1,source
Kingston,,Jamaica,,17.9712,-76.792,North_America,capital,easy,2,"Kingston, Jamaica",kingston_jamaica,1,source
Ocho Rios,,Jamaica,,18.4025,-77.1048,North_America,city,easy,1,"Ocho Rios, Jamaica",ocho_rios_jamaica,1,source
Asuka,,Japan,,34.4667,135.8167,Asia,city,medium,3,"Asuka, Japan",asuka_japan,1,source
Chiba,,Japan,,35.6073,140.1063,Asia,city,easy,1,"Chiba, Japan",chiba,1,source
Fukuoka,,Japan,,33.5902,130.4017,Asia,city,medium,3,"Fukuoka, Japan",fukuoka,1,source
Fukushima,,Japan,,37.7608,140.4747,Asia,city,easy,2,"Fukushima, Japan",fukushima,1,source
Hiroshima,,Japan,,34.3853,132.4553,Asia,city,easy,2,"Hiroshima, Japan",hiroshima,2,source
Kagoshima,,Japan,,31.5966,130.5571,Asia,city,easy,2,"Kagoshima, Japan",kagoshima,1,source
Karuizawa,,Japan,,36.3484,138.6329,Asia,city,medium,3,"Karuizawa, Japan",karuizawa_japan,1,source
Kawasaki,,Japan,,35.5309,139.703,Asia,city,medium,3,"Kawasaki, Japan",kawasaki,1,source
Kobe,,Japan,,34.6901,135.1955,Asia,city,easy,1,"Kobe, Japan",kobe_japan,1,source
Kyoto,,Japan,,35.0116,135.7681,Asia,city,medium,3,"Kyoto, Japan",kyoto,1,source
Nagasaki,,Japan,,32.7503,129.8779,Asia,city,easy,1,"Nagasaki, Japan",nagasaki_japan,2,source
Nagoya,,Japan,,35.1815,136.9066,Asia,city,medium,3,"Nagoya, Japan",nagoya,1,source
Nara,,Japan,,34.6851,135.8048,Asia,city,easy,1,"Nara, Japan",nara_japan,1,source
Nikko,,Japan,,36.7199,139.6982,Asia,city,hard,6,"Nikko, Japan",nikko_japan,1,source
Okayama,,Japan,,34.6551,133.9195,Asia,city,medium,3,"Okayama, Japan",okayama,1,source
Osaka,,Japan,,34.6937,135.5023,Asia,city,hard,5,"Osaka, Japan",osaka,1,source
Otsu,,Japan,,35.0086,135.9614,Asia,city,easy,1,"Otsu, Japan",otsu_japan,1,source
Sagamihara,,Japan,,35.5785,139.5574,Asia,city,easy,2,"Sagamihara, Japan",sagamihara_japan,1,source
Saitama,,Japan,,35.8617,139.6455,Asia,city,hard,5,"Saitama, Japan",saitama,1,source
Sakai,,Japan,,34.5733,135.4831,Asia,city,medium,3,"Sakai, Japan",sakai,1,source
Sapporo,,Japan,,43.0618,141.3545,Asia,city,hard,4,"Sapporo, Japan",sapporo,2,source
Sendai,,Japan,,38.2682,140.8694,Asia,city,hard,5,"Sendai, Japan",sendai_japan,1,source
Shirahama,,Japan,,33.6761,135.34,Asia,city,medium,3,"Shirahama, Japan",shirahama_japan,1,source
Tokyo,,Japan,,35.6762,139.6503,Asia,capital,easy,2,"Tokyo, Japan",tokyo_japan,1,source
Tsu,,Japan,,34.7303,136.5086,Asia,city,hard,4,"Tsu, Japan",tsu_japan,1,source
Yokohama,,Japan,,35.4437,139.638,Asia,city,medium,3,"Yokohama, Japan",yokohama,1,source
Amman,,Jordan,,31.9632,35.9303,Middle_East,capital,hard,4,"Amman, Jordan",amman_jordan,1,source
Aqaba,,Jordan,,29.5328,35.006,Middle_East,city,easy,2,"Aqaba, Jordan",aqaba_jordan,1,source
Almaty,,Kazakhstan,,43.222,76.8512,Asia,city,medium,3,"Almaty, Kazakhstan",almaty,1,source
Astana,,Kazakhstan,,51.1694,71.4491,Asia,capital,medium,3,"Astana, Kazakhstan",astana_kazakhstan,1,source
Karaganda,,Kazakhstan,,49.8067,73.0854,Asia,city,hard,6,"Karaganda, Kazakhstan",karaganda_kazakhstan,1,source
Shymkent,,Kazakhstan,,42.3099,69.6004,Asia,city,medium,3,"Shymkent, Kazakhstan",shymkent_kazakhstan,1,source
Malindi,,Kenya,,-3.2192,40.1169,Africa,city,hard,6,"Malindi, Kenya",malindi_kenya,1,source
Mombasa,,Kenya,,-4.0435,39.6682,Africa,city,easy,1,"Mombasa, Kenya",mombasa,1,source
Nairobi,,Kenya,,-1.2864,36.8172,Africa,capital,easy,2,"Nairobi, Kenya",nairobi_kenya,1,source
Nakuru,,Kenya,,-0.3031,36.08,Africa,city,hard,6,"Nakuru, Kenya",nakuru_kenya,1,source
South Tarawa,,Kiribati,,1.3278,172.977,Oceania,capital,medium,3,"South Tarawa, Kiribati",south_tarawa_kiribati,1,source
Pristina,,Kosovo,,42.6629,21.1655,Europe,capital,medium,3,"Pristina, Kosovo",pristina_kosovo,1,source
Prizren,,Kosovo,,42.2139,20.7397,Europe,city,easy,1,"Prizren, Kosovo",prizren_kosovo,1,source
Kuwait City,,Kuwait,,29.3697,47.9783,Middle_East,capital,easy,2,"Kuwait City, Kuwait",kuwait_city_kuwait,1,source
Bishkek,,Kyrgyzstan,,42.8746,74.5698,Asia,capital,easy,1,"Bishkek, Kyrgyzstan",bishkek_kyrgyzstan,2,source
Jalal-Abad,,Kyrgyzstan,,40.9333,73.0017,Asia,city,easy,2,"Jalal-Abad, Kyrgyzstan",jalal_abad_kyrgyzstan,1,source
Osh,,Kyrgyzstan,,40.5283,72.7985,Asia,city,hard,4,"Osh, Kyrgyzstan",osh_kyrgyzstan,1,source
Luang Prabang,,Laos,,19.886,102.1347,Asia,city,hard,6,"Luang Prabang, Laos",luang_prabang_laos,1,source
Pakse,,Laos,,15.12,105.7981,Asia,city,hard,6,"Pakse, Laos",pakse_laos,1,source
Vientiane,,Laos,,17.9757,102.6331,Asia,capital,easy,1,"Vientiane, Laos",vientiane_laos,1,source
Daugavpils,,Latvia,,55.8747,26.5361,Europe,city,easy,2,"Daugavpils, Latvia",daugavpils_latvia,1,source
Riga,,Latvia,,56.9496,24.1052,Europe,capital,hard,5,"Riga, Latvia",riga_latvia,1,source
Beirut,,Lebanon,,33.8886,35.4955,Middle_East,capital,medium,3,"Beirut, Lebanon",beirut_lebanon,1,source
Tripoli,,Lebanon,,34.4335,35.8442,Middle_East,city,easy,1,"Tripoli, Lebanon",tripoli_lebanon,1,source
Maseru,,Lesotho,,-29.3142,27.4833,Africa,capital,hard,6,"Maseru, Lesotho",maseru_lesotho,1,source
Buchanan,,Liberia,,5.8808,-10.0467,Africa,city,hard,4,"Buchanan, Liberia",buchanan_liberia,1,source
Monrovia,,Liberia,,6.2907,-10.7605,Africa,capital,easy,1,"Monrovia, Liberia",monrovia,1,source
Benghazi,,Libya,,32.1149,20.0686,Africa,city,medium,3,"Benghazi, Libya",benghazi,1,source
Misrata,,Libya,,32.3754,15.09,Africa,city,easy,1,"Misrata, Libya",misrata_libya,1,source
Tripoli,,Libya,,32.8872,13.1913,Africa,capital,medium,3,"Tripoli, Libya",tripoli_libya,1,source
Vaduz,,Liechtenstein,,47.1416,9.5215,Europe,capital,easy,1,"Vaduz, Liechtenstein",vaduz_liechtenstein,1,source
Kaunas,,Lithuania,,54.8985,23.9036,Europe,city,hard,5,"Kaunas, Lithuania",kaunas_lithuania,1,source
Vilnius,,Lithuania,,54.6872,25.2797,Europe,capital,hard,5,"Vilnius, Lithuania",vilnius_lithuania,1,source
Luxembourg,,Luxembourg,,49.61,6.1296,Europe,capital,medium,3,Luxembourg,luxembourg_luxembourg,1,source_id_city_state
Antananarivo,,Madagascar,,-18.8792,47.5079,Africa,capital,medium,3,"Antananarivo, Madagascar",antananarivo_madagascar,1,source
Blantyre,,Malawi,,-15.7667,35.0168,Africa,city,medium,3,"Blantyre, Malawi",blantyre_malawi,1,source
Lilongwe,,Malawi,,-13.9626,33.7741,Africa,capital,hard,4,"Lilongwe, Malawi",lilongwe_malawi,1,source
Mzuzu,,Malawi,,-11.4653,34.0218,Africa,city,easy,2,"Mzuzu, Malawi",mzuzu_malawi,1,source
Ipoh,,Malaysia,,4.5975,101.0901,Asia,city,easy,1,"Ipoh, Malaysia",ipoh_malaysia,1,source
Johor Bahru,,Malaysia,,1.4927,103.7414,Asia,city,easy,1,"Johor Bahru, Malaysia",johor_bahru_malaysia,1,source
Kota Kinabalu,,Malaysia,,5.9804,116.0735,Asia,city,medium,3,"Kota Kinabalu, Malaysia",kota_kinabalu_malaysia,1,source
Kuala Lumpur,,Malaysia,,3.139,101.6869,Asia,capital,hard,4,"Kuala Lumpur, Malaysia",kuala_lumpur_malaysia,1,source
Kuantan,,Malaysia,,3.8077,103.326,Asia,city,easy,1,"Kuantan, Malaysia",kuantan_malaysia,1,source
Kuching,,Malaysia,,1.5497,110.3444,Asia,city,hard,5,"Kuching, Malaysia",kuching_malaysia,1,source
Malacca,,Malaysia,,2.1917,102.2551,Asia,city,hard,6,"Malacca, Malaysia",malacca_malaysia,2,source
Miri,,Malaysia,,4.3995,114.0089,Asia,city,easy,1,"Miri, Malaysia",miri_malaysia,1,source
Putrajaya,,Malaysia,,2.9264,101.6964,Asia,capital,easy,1,"Putrajaya, Malaysia",putrajaya_malaysia,1,source
Sandakan,,Malaysia,,5.8394,118.1171,Asia,city,easy,1,"Sandakan, Malaysia",sandakan_malaysia,1,source
Shah Alam,,Malaysia,,3.0733,101.5185,Asia,city,medium,3,"Shah Alam, Malaysia",shah_alam_malaysia,1,source
George Town,Penang,Malaysia,,5.4141,100.3288,Asia,city,easy,1,"George Town, Penang, Malaysia",george_town_penang_malaysia,1,source
Malé,,Maldives,,4.1755,73.5093,Asia,capital,hard,4,"Malé, Maldives",male_maldives,1,source
Bamako,,Mali,,12.6392,-8.0029,Africa,capital,hard,4,"Bamako, Mali",bamako_mali,1,source
Timbuktu,,Mali,,16.7735,-3.0074,Africa,city,easy,1,"Timbuktu, Mali",timbuktu_mali,2,source
Valletta,,Malta,,35.8997,14.5147,Europe,capital,easy,1,"Valletta, Malta",valletta_malta,1,source
Majuro,,Marshall Islands,,7.1164,171.1858,Oceania,capital,easy,1,"Majuro, Marshall Islands",majuro_marshall_islands,1,source
Nouakchott,,Mauritania,,18.0858,-15.9785,Africa,capital,easy,1,"Nouakchott, Mauritania",nouakchott_mauritania,1,source
Port Louis,,Mauritius,,-20.1619,57.4989,Africa,capital,easy,1,"Port Louis, Mauritius",port_louis_mauritius,1,source
Acapulco,,Mexico,,16.8531,-99.8237,North_America,city,medium,3,"Acapulco, Mexico",acapulco,1,source
Aguascalientes,,Mexico,,21.8853,-102.2916,North_America,city,easy,1,"Aguascalientes, Mexico",aguascalientes,1,source
Cancún,,Mexico,,21.1619,-86.8515,North_America,city,hard,5,"Cancún, Mexico",cancun,1,source
Chihuahua,,Mexico,,28.6353,-106.0889,North_America,city,hard,4,"Chihuahua, Mexico",chihuahua,1,source
Ciudad Juárez,,Mexico,,31.6904,-106.4245,North_America,city,hard,6,"Ciudad Juárez, Mexico",ciudad_juarez,1,source
Cuernavaca,,Mexico,,18.9242,-99.2216,North_America,city,easy,1,"Cuernavaca, Mexico",cuernavaca_mexico,1,source
Culiacán,,Mexico,,24.8091,-107.394,North_America,city,hard,4,"Culiacán, Mexico",culiacan,1,source
Ecatepec,,Mexico,,19.601,-99.06,North_America,city,medium,3,"Ecatepec, Mexico",ecatepec,1,source
El Rosario,,Mexico,,19.5,-100.3,North_America,city,medium,3,"El Rosario, Mexico",el_rosario,1,source
Guadalajara,,Mexico,,20.6597,-103.3496,North_America,city,medium,3,"Guadalajara, Mexico",guadalajara,1,source
Guanajuato,,Mexico,,21.019,-101.2574,North_America,city,easy,1,"Guanajuato, Mexico",guanajuato,1,source
Hermosillo,,Mexico,,29.0729,-110.9559,North_America,city,easy,1,"Hermosillo, Mexico",hermosillo,1,source
León,,Mexico,,21.125,-101.686,North_America,city,hard,4,"León, Mexico",leon,1,source
Mexicali,,Mexico,,32.6633,-115.4683,North_America,city,medium,3,"Mexicali, Mexico",mexicali,1,source
Mexico City,,Mexico,,19.4326,-99.1332,North_America,capital,hard,4,"Mexico City, Mexico",mexico_city_mexico,1,source
Monterrey,,Mexico,,25.6866,-100.3161,North_America,city,medium,3,"Monterrey, Mexico",monterrey,1,source
Morelia,,Mexico,,19.7059,-101.195,North_America,city,medium,3,"Morelia, Mexico",morelia,1,source
Mérida,,Mexico,,20.9674,-89.5926,North_America,city,medium,3,"Mérida, Mexico",merida,1,source
Naucalpan,,Mexico,,19.4784,-99.2398,North_America,city,hard,4,"Naucalpan, Mexico",naucalpan,1,source
Nezahualcoyotl,,Mexico,,19.4006,-98.9886,North_America,city,easy,1,"Nezahualcoyotl, Mexico",nezahualcoyotl,1,source
Oaxaca,,Mexico,,17.0542,-96.7132,North_America,city,easy,1,"Oaxaca, Mexico",oaxaca_mexico,2,source
Puebla,,Mexico,,19.0414,-98.2063,North_America,city,hard,4,"Puebla, Mexico",puebla,1,source
Puerto Vallarta,,Mexico,,20.6534,-105.2253,North_America,city,easy,2,"Puerto Vallarta, Mexico",puerto_vallarta,1,source
Querétaro,,Mexico,,20.5881,-100.3899,North_America,city,medium,3,"Querétaro, Mexico",queretaro,1,source
Saltillo,,Mexico,,25.4383,-101.0053,North_America,city,medium,3,"Saltillo, Mexico",saltillo,1,source
San Luis Potosí,,Mexico,,22.1565,-100.9855,North_America,city,medium,3,"San Luis Potosí, Mexico",san_luis_potosi,1,source
Tijuana,,Mexico,,32.5149,-117.0382,North_America,city,easy,1,"Tijuana, Mexico",tijuana,1,source
Tuxtla Gutiérrez,,Mexico,,16.7521,-93.1152,North_America,city,easy,1,"Tuxtla Gutiérrez, Mexico",tuxtla_gutierrez,1,source
Uruapan,,Mexico,,19.4208,-102.0628,North_America,city,medium,3,"Uruapan, Mexico",uruapan_mexico,1,source
Villahermosa,,Mexico,,17.9869,-92.9303,North_America,city,medium,3,"Villahermosa, Mexico",villahermosa_mexico,1,source
Zapopan,,Mexico,,20.7167,-103.4,North_America,city,easy,1,"Zapopan, Mexico",zapopan,1,source
Palikir,,Micronesia,,6.9248,158.1611,Oceania,capital,easy,1,"Palikir, Micronesia",palikir_micronesia,1,source
Bălți,,Moldova,,47.7617,27.9289,Europe,city,medium,3,"Bălți, Moldova",balti_moldova,1,source
Chisinau,,Moldova,,47.0037,28.9071,Europe,capital,medium,3,"Chisinau, Moldova",chisinau_moldova,1,source
Tiraspol,,Moldova,,46.8403,29.6433,Europe,city,medium,3,"Tiraspol, Moldova",tiraspol_moldova,1,source
Monaco,,Monaco,,43.7384,7.4246,Europe,capital,easy,1,Monaco,monaco_monaco,1,source_id_city_state
Erdenet,,Mongolia,,49.0333,104.0833,Asia,city,hard,4,"Erdenet, Mongolia",erdenet_mongolia,1,source
Ulaanbaatar,,Mongolia,,47.8864,106.9057,Asia,capital,medium,3,"Ulaanbaatar, Mongolia",ulaanbaatar_mongolia,2,source
Kotor,,Montenegro,,42.4247,18.7712,Europe,city,easy,1,"Kotor, Montenegro",kotor_montenegro,1,source
Podgorica,,Montenegro,,42.4304,19.2594,Europe,capital,medium,3,"Podgorica, Montenegro",podgorica_montenegro,1,source
Casablanca,,Morocco,,33.5731,-7.5898,Africa,city,hard,6,"Casablanca, Morocco",casablanca,1,source
Chefchaouen,,Morocco,,35.1688,-5.2636,Africa,city,easy,2,"Chefchaouen, Morocco",chefchaouen,1,source
Fez,,Morocco,,34.0181,-5.0078,Africa,city,medium,3,"Fez, Morocco",fez,1,source
Marrakech,,Morocco,,31.6295,-7.9811,Africa,city,easy,1,"Marrakech, Morocco",marrakech_morocco,2,source
Rabat,,Morocco,,34.0209,-6.8416,Africa,capital,medium,3,"Rabat, Morocco",rabat_morocco,1,source
Tangier,,Morocco,,35.7673,-5.7998,Africa,city,easy,2,"Tangier, Morocco",tangier_morocco,1,source
Maputo,,Mozambique,,-25.9653,32.5892,Africa,capital,easy,1,"Maputo, Mozambique",maputo_mozambique,1,source
Matola,,Mozambique,,-25.9622,32.4589,Africa,city,hard,5,"Matola, Mozambique",matola_mozambique,1,source
Mandalay,,Myanmar,,21.9588,96.0891,Asia,city,medium,3,"Mandalay, Myanmar",mandalay,1,source
Naypyidaw,,Myanmar,,19.7633,96.0785,Asia,capital,easy,1,"Naypyidaw, Myanmar",naypyidaw_myanmar,1,source
Yangon,,Myanmar,,16.8661,96.1951,Asia,city,easy,1,"Yangon, Myanmar",yangon,1,source
Swakopmund,,Namibia,,-22.6784,14.5272,Africa,city,hard,6,"Swakopmund, Namibia",swakopmund_namibia,1,source
Walvis Bay,,Namibia,,-22.9576,14.5053,Africa,city,hard,6,"Walvis Bay, Namibia",walvis_bay_namibia,1,source
Windhoek,,Namibia,,-22.5597,17.0832,Africa,capital,medium,3,"Windhoek, Namibia",windhoek_namibia,2,source
Yaren,,Nauru,,-0.5477,166.9209,Oceania,capital,easy,1,"Yaren, Nauru",yaren_nauru,1,source
Kathmandu,,Nepal,,27.7172,85.324,Asia,capital,medium,3,"Kathmandu, Nepal",kathmandu_nepal,1,source
Amsterdam,,Netherlands,,52.37,4.9,Europe,capital,hard,4,"Amsterdam, Netherlands",amsterdam_netherlands,1,source
Leiden,,Netherlands,,52.1601,4.497,Europe,city,easy,1,"Leiden, Netherlands",leiden,1,source
Otterlo,,Netherlands,,52.1003,5.7731,Europe,city,medium,3,"Otterlo, Netherlands",otterlo_netherlands,1,source
Rotterdam,,Netherlands,,51.9244,4.4777,Europe,city,hard,6,"Rotterdam, Netherlands",rotterdam,1,source
The Hague,,Netherlands,,52.0767,4.2986,Europe,city,hard,5,"The Hague, Netherlands",the_hague,1,source
Utrecht,,Netherlands,,52.0907,5.1214,Europe,city,easy,2,"Utrecht, Netherlands",utrecht_netherlands,1,source
Auckland,,New Zealand,,-36.8509,174.7645,Oceania,city,hard,6,"Auckland, New Zealand",auckland,2,source
Christchurch,,New Zealand,,-43.5321,172.6362,Oceania,city,hard,6,"Christchurch, New Zealand",christchurch_new_zealand,1,source
Queenstown,,New Zealand,,-45.0312,168.6626,Oceania,city,hard,6,"Queenstown, New Zealand",queenstown_new_zealand,1,source
Wellington,,New Zealand,,-41.2865,174.7762,Oceania,capital,medium,3,"Wellington, New Zealand",wellington_new_zealand,1,source
Granada,,Nicaragua,,11.9293,-85.956,North_America,city,hard,5,"Granada, Nicaragua",granada_nicaragua,1,source
León,,Nicaragua,,12.4346,-86.878,North_America,city,hard,5,"León, Nicaragua",leon_nicaragua,1,source
Managua,,Nicaragua,,12.1364,-86.2514,North_America,capital,easy,2,"Managua, Nicaragua",managua_nicaragua,1,source
Agadez,,Niger,,16.9734,7.991,Africa,city,easy,1,"Agadez, Niger",agadez_niger,1,source
Maradi,,Niger,,13.5007,7.1017,Africa,city,hard,5,"Maradi, Niger",maradi_niger,1,source
Niamey,,Niger,,13.5137,2.1098,Africa,capital,easy,2,"Niamey, Niger",niamey,1,source
Zinder,,Niger,,13.8053,8.988,Africa,city,hard,6,"Zinder, Niger",zinder_niger,1,source
Abuja,,Nigeria,,9.0579,7.4951,Africa,capital,easy,2,"Abuja, Nigeria",abuja_nigeria,1,source
Benin City,,Nigeria,,6.335,5.6037,Africa,city,hard,6,"Benin City, Nigeria",benin_city,1,source
Ibadan,,Nigeria,,7.3775,3.947,Africa,city,hard,4,"Ibadan, Nigeria",ibadan,1,source
Ilorin,,Nigeria,,8.4966,4.5421,Africa,city,easy,1,"Ilorin, Nigeria",ilorin_nigeria,1,source
Kaduna,,Nigeria,,10.5264,7.4388,Africa,city,hard,4,"Kaduna, Nigeria",kaduna_nigeria,1,source
Kano,,Nigeria,,12.0022,8.592,Africa,city,easy,2,"Kano, Nigeria",kano,1,source
Lagos,,Nigeria,,6.5244,3.3792,Africa,city,easy,1,"Lagos, Nigeria",lagos,1,source
Maiduguri,,Nigeria,,11.8469,13.1571,Africa,city,easy,1,"Maiduguri, Nigeria",maiduguri_nigeria,1,source
Onitsha,,Nigeria,,6.1498,6.7857,Africa,city,hard,4,"Onitsha, Nigeria",onitsha_nigeria,1,source
Oyo,,Nigeria,,7.8507,3.9342,Africa,city,hard,6,"Oyo, Nigeria",oyo_nigeria,1,source
Port Harcourt,,Nigeria,,4.8156,7.0498,Africa,city,medium,3,"Port Harcourt, Nigeria",port_harcourt,1,source
Zaria,,Nigeria,,11.0855,7.7199,Africa,city,hard,4,"Zaria, Nigeria",zaria_nigeria,1,source
Hamhung,,North Korea,,39.9184,127.5386,Asia,city,hard,6,"Hamhung, North Korea",hamhung_north_korea,1,source
Kaesong,,North Korea,,37.971,126.5547,Asia,city,hard,5,"Kaesong, North Korea",kaesong_north_korea,1,source
Pyongyang,,North Korea,,39.0392,125.7625,Asia,capital,hard,4,"Pyongyang, North Korea",pyongyang_north_korea,1,source
Bitola,,North Macedonia,,41.0297,21.3292,Europe,city,easy,1,"Bitola, North Macedonia",bitola_north_macedonia,1,source
Skopje,,North Macedonia,,41.9981,21.4254,Europe,capital,medium,3,"Skopje, North Macedonia",skopje_north_macedonia,1,source
Bergen,,Norway,,60.3913,5.3221,Europe,city,medium,3,"Bergen, Norway",bergen_norway,1,source
Oslo,,Norway,,59.9115,10.7579,Europe,capital,hard,5,"Oslo, Norway",oslo,1,source
Tromsø,,Norway,,69.6492,18.9553,Europe,city,hard,6,"Tromsø, Norway",tromso_norway,2,source
Trondheim,,Norway,,63.4305,10.3951,Europe,city,hard,6,"Trondheim, Norway",trondheim_norway,1,source
Longyearbyen,Svalbard,Norway,,78.2232,15.6469,Europe,city,hard,4,"Longyearbyen, Svalbard, Norway",longyearbyen_svalbard_norway,2,source
Muscat,,Oman,,23.588,58.3829,Middle_East,capital,medium,3,"Muscat, Oman",muscat_oman,1,source
Chakwal,,Pakistan,,32.9328,72.863,Asia,city,hard,4,"Chakwal, Pakistan",chakwal_pakistan,1,source
Faisalabad,,Pakistan,,31.4504,73.135,Asia,city,easy,2,"Faisalabad, Pakistan",faisalabad,1,source
Gujranwala,,Pakistan,,32.1617,74.1883,Asia,city,medium,3,"Gujranwala, Pakistan",gujranwala,1,source
Islamabad,,Pakistan,,33.6844,73.0479,Asia,capital,medium,3,"Islamabad, Pakistan",islamabad_pakistan,1,source
Karachi,,Pakistan,,24.8645,66.9978,Asia,city,medium,3,"Karachi, Pakistan",karachi,1,source
Lahore,,Pakistan,,31.5204,74.3587,Asia,city,easy,2,"Lahore, Pakistan",lahore,1,source
Multan,,Pakistan,,30.1575,71.5249,Asia,city,easy,2,"Multan, Pakistan",multan,1,source
Muzaffarabad,,Pakistan,,34.37,73.47,Asia,city,medium,3,"Muzaffarabad, Pakistan",muzaffarabad_kashmir,1,source
Peshawar,,Pakistan,,34.0151,71.5249,Asia,city,medium,3,"Peshawar, Pakistan",peshawar,1,source
Quetta,,Pakistan,,30.1798,66.975,Asia,city,medium,3,"Quetta, Pakistan",quetta,1,source
Rawalpindi,,Pakistan,,33.5651,73.0169,Asia,city,medium,3,"Rawalpindi, Pakistan",rawalpindi,1,source
Ngerulmud,,Palau,,7.5,134.6242,Oceania,capital,easy,2,"Ngerulmud, Palau",ngerulmud_palau,1,source
Bethlehem,West Bank,Palestinian Territories,,31.7054,35.2024,Middle_East,city,easy,1,"Bethlehem, West Bank",bethlehem,1,source_cross_reference
Jerusalem,West Bank,Palestinian Territories,,31.7683,35.2137,Middle_East,city,hard,4,"Jerusalem, West Bank",jerusalem_west_bank,1,source_cross_reference
Nablus,West Bank,Palestinian Territories,,31.939,35.2736,Middle_East,city,easy,1,"Nablus, West Bank",nablus_west_bank,1,source_cross_reference
Panama City,,Panama,,8.9833,-79.5167,North_America,capital,medium,3,"Panama City, Panama",panama_city_panama,1,source
Lae,,Papua New Guinea,,-6.7221,146.9847,Oceania,city,easy,2,"Lae, Papua New Guinea",lae_papua_new_guinea,1,source
Port Moresby,,Papua New Guinea,,-9.4438,147.1803,Oceania,capital,hard,4,"Port Moresby, Papua New Guinea",port_moresby_papua_new_guinea,2,source
Asuncion,,Paraguay,,-25.2637,-57.5759,South_America,capital,hard,4,"Asuncion, Paraguay",asuncion_paraguay,2,source
Arequipa,,Peru,,-16.409,-71.5375,South_America,city,easy,1,"Arequipa, Peru",arequipa,1,source
Callao,,Peru,,-12.0566,-77.1181,South_America,city,easy,1,"Callao, Peru",callao,1,source
Chiclayo,,Peru,,-6.7714,-79.8409,South_America,city,medium,3,"Chiclayo, Peru",chiclayo,1,source
Cusco,,Peru,,-13.532,-71.9675,South_America,city,hard,5,"Cusco, Peru",cusco_peru,2,source
Lima,,Peru,,-12.0464,-77.0428,South_America,capital,hard,4,"Lima, Peru",lima_peru,1,source
Nazca,,Peru,,-14.8289,-74.9326,South_America,city,medium,3,"Nazca, Peru",nazca_peru,1,source
Trujillo,,Peru,,-8.1091,-79.0215,South_America,city,hard,5,"Trujillo, Peru",trujillo,1,source
Batangas City,,Philippines,,13.7567,121.0583,Asia,city,medium,3,"Batangas City, Philippines",batangas_city_philippines,1,source
Cebu City,,Philippines,,10.3157,123.8854,Asia,city,easy,2,"Cebu City, Philippines",cebu_city_philippines,1,source
Davao City,,Philippines,,7.1907,125.4553,Asia,city,medium,3,"Davao City, Philippines",davao_city_philippines,1,source
Laoag,,Philippines,,18.1978,120.5954,Asia,city,hard,4,"Laoag, Philippines",laoag_philippines,1,source
Maasin,,Philippines,,10.1333,124.8447,Asia,city,easy,1,"Maasin, Philippines",maasin_philippines,1,source
Manila,,Philippines,,14.5995,120.9842,Asia,capital,easy,1,"Manila, Philippines",manila_philippines,1,source
Quezon City,,Philippines,,14.676,121.0437,Asia,city,medium,3,"Quezon City, Philippines",quezon_city_philippines,1,source
Bydgoszcz,,Poland,,53.1235,18.0084,Europe,city,easy,2,"Bydgoszcz, Poland",bydgoszcz_poland,1,source
Frombork,,Poland,,54.3555,19.6814,Europe,city,hard,4,"Frombork, Poland",frombork_poland,1,source
Gdańsk,,Poland,,54.352,18.6466,Europe,city,hard,5,"Gdańsk, Poland",gdansk,1,source
Krakow,,Poland,,50.0647,19.945,Europe,city,hard,5,"Krakow, Poland",krakow,2,source
Lodz,,Poland,,51.7594,19.4572,Europe,city,medium,3,"Lodz, Poland",lodz_poland,1,source
Olsztyn,,Poland,,53.7784,20.4801,Europe,city,easy,1,"Olsztyn, Poland",olsztyn_poland,1,source
Poznań,,Poland,,52.4064,16.9252,Europe,city,medium,3,"Poznań, Poland",poznan,1,source
Szczecin,,Poland,,53.4285,14.5528,Europe,city,hard,4,"Szczecin, Poland",szczecin,1,source
Warsaw,,Poland,,52.2297,21.0122,Europe,capital,easy,2,"Warsaw, Poland",warsaw_poland,1,source
Wrocław,,Poland,,51.1079,17.0385,Europe,city,easy,1,"Wrocław, Poland",wrocław,1,source
Lisbon,,Portugal,,38.7169,-9.1399,Europe,capital,hard,4,"Lisbon, Portugal",lisbon_portugal,1,source
Porto,,Portugal,,41.1579,-8.6291,Europe,city,hard,4,"Porto, Portugal",porto,1,source
Sintra,,Portugal,,38.7876,-9.3908,Europe,city,medium,3,"Sintra, Portugal",sintra,1,source
Funchal,Madeira,Portugal,,32.6669,-16.9241,Europe,city,easy,2,"Funchal, Madeira, Portugal",funchal_madeira_portugal,1,source
San Juan,,Puerto Rico,,18.4655,-66.1057,North_America,city,hard,5,"San Juan, Puerto Rico",san_juan_puerto_rico,1,source
Al Rayyan,,Qatar,,25.2919,51.4244,Middle_East,city,easy,1,"Al Rayyan, Qatar",al_rayyan_qatar,1,source
Doha,,Qatar,,25.277,51.52,Middle_East,capital,easy,1,"Doha, Qatar",doha_qatar,1,source
Bacau,,Romania,,46.5688,26.916,Europe,city,easy,1,"Bacau, Romania",bacau_romania,1,source
Bucharest,,Romania,,44.4268,26.1025,Europe,capital,easy,1,"Bucharest, Romania",bucharest_romania,1,source
Iasi,,Romania,,47.1585,27.6014,Europe,city,easy,1,"Iasi, Romania",iasi_romania,1,source
Targoviste,,Romania,,44.925,25.456,Europe,city,hard,4,"Targoviste, Romania",targoviste_romania,1,source
Timisoara,,Romania,,45.7607,21.2268,Europe,city,easy,1,"Timisoara, Romania",timisoara_romania,1,source
Barnaul,,Russia,,53.3548,83.7698,Europe,city,easy,1,"Barnaul, Russia",barnaul,1,source
Chelyabinsk,,Russia,,55.1644,61.4368,Europe,city,medium,3,"Chelyabinsk, Russia",chelyabinsk,1,source
Irkutsk,,Russia,,52.287,104.305,Europe,city,medium,3,"Irkutsk, Russia",irkutsk,1,source
Izhevsk,,Russia,,56.8527,53.2114,Europe,city,hard,6,"Izhevsk, Russia",izhevsk,1,source
Kaliningrad,,Russia,,54.7104,20.4522,Europe,city,easy,2,"Kaliningrad, Russia",kaliningrad_russia,2,source
Kazan,,Russia,,55.8304,49.0661,Europe,city,easy,2,"Kazan, Russia",kazan,1,source
Khabarovsk,,Russia,,48.4827,135.0838,Europe,city,easy,1,"Khabarovsk, Russia",khabarovsk,1,source
Krasnodar,,Russia,,45.0448,38.976,Europe,city,medium,3,"Krasnodar, Russia",krasnodar,1,source
Krasnoyarsk,,Russia,,56.0184,92.8672,Europe,city,easy,2,"Krasnoyarsk, Russia",krasnoyarsk,1,source
Moscow,,Russia,,55.7558,37.6173,Europe,capital,hard,5,"Moscow, Russia",moscow_russia,1,source
Nizhny Novgorod,,Russia,,56.2965,43.9361,Europe,city,medium,3,"Nizhny Novgorod, Russia",nizhny_novgorod,1,source
Novosibirsk,,Russia,,55.0084,82.9357,Europe,city,easy,2,"Novosibirsk, Russia",novosibirsk,1,source
Omsk,,Russia,,54.9885,73.3242,Europe,city,hard,4,"Omsk, Russia",omsk,1,source
Perm,,Russia,,58.0105,56.2502,Europe,city,easy,1,"Perm, Russia",perm,1,source
Rostov-on-Don,,Russia,,47.2357,39.7015,Europe,city,hard,4,"Rostov-on-Don, Russia",rostovondon,1,source
Saint Petersburg,,Russia,,59.9343,30.3351,Europe,city,hard,6,"Saint Petersburg, Russia",saint_petersburg,1,source
Samara,,Russia,,53.2001,50.15,Europe,city,medium,3,"Samara, Russia",samara,1,source
Saratov,,Russia,,51.533,46.0344,Europe,city,medium,3,"Saratov, Russia",saratov,1,source
Smolensk,,Russia,,54.7903,32.05,Europe,city,easy,2,"Smolensk, Russia",smolensk_russia,2,source
Tolyatti,,Russia,,53.5303,49.3461,Europe,city,easy,2,"Tolyatti, Russia",tolyatti,1,source
Tyumen,,Russia,,57.1522,65.5272,Europe,city,easy,1,"Tyumen, Russia",tyumen,1,source
Ufa,,Russia,,54.7388,55.9721,Europe,city,easy,1,"Ufa, Russia",ufa,1,source
Ulyanovsk,,Russia,,54.3142,48.4031,Europe,city,hard,4,"Ulyanovsk, Russia",ulyanovsk,1,source
Vladivostok,,Russia,,43.1155,131.8855,Europe,city,easy,2,"Vladivostok, Russia",vladivostok_russia,2,source
Volgograd,,Russia,,48.708,44.5133,Europe,city,easy,1,"Volgograd, Russia",volgograd,1,source
Voronezh,,Russia,,51.672,39.1843,Europe,city,easy,1,"Voronezh, Russia",voronezh,1,source
Vyborg,,Russia,,60.7131,28.7326,Europe,city,easy,1,"Vyborg, Russia",vyborg_russia,1,source
Yekaterinburg,,Russia,,56.8389,60.6057,Europe,city,easy,1,"Yekaterinburg, Russia",yekaterinburg,1,source
Kigali,,Rwanda,,-1.9441,30.0619,Africa,capital,hard,5,"Kigali, Rwanda",kigali_rwanda,2,source
Basseterre,,Saint Kitts and Nevis,,17.3,-62.7333,North_America,capital,hard,6,"Basseterre, Saint Kitts and Nevis",basseterre_saint_kitts_and_nevis,1,source
Castries,,Saint Lucia,,14.0101,-60.9875,North_America,capital,hard,5,"Castries, Saint Lucia",castries_saint_lucia,1,source
Kingstown,,Saint Vincent and the Grenadines,,13.1553,-61.227,North_America,capital,easy,1,"Kingstown, Saint Vincent and the Grenadines",kingstown_saint_vincent_and_the_grenadines,1,source
Apia,,Samoa,,-13.8333,-171.7667,Oceania,capital,hard,4,"Apia, Samoa",apia_samoa,1,source
San Marino,,San Marino,,43.9424,12.4578,Europe,capital,medium,3,San Marino,san_marino_san_marino,2,source_id_city_state
Dammam,,Saudi Arabia,,26.4344,50.1033,Middle_East,city,hard,5,"Dammam, Saudi Arabia",dammam_saudi_arabia,1,source
Dhahran,,Saudi Arabia,,26.2888,50.114,Middle_East,city,hard,5,"Dhahran, Saudi Arabia",dhahran_saudi_arabia,1,source
Jeddah,,Saudi Arabia,,21.4858,39.1925,Middle_East,city,easy,2,"Jeddah, Saudi Arabia",jeddah,1,source
Mecca,,Saudi Arabia,,21.3891,39.8579,Middle_East,city,easy,1,"Mecca, Saudi Arabia",mecca,1,source
Medina,,Saudi Arabia,,24.4686,39.6142,Middle_East,city,hard,4,"Medina, Saudi Arabia",medina_saudi_arabia,1,source
Riyadh,,Saudi Arabia,,24.7136,46.6753,Middle_East,capital,hard,6,"Riyadh, Saudi Arabia",riyadh_saudi_arabia,1,source
Dakar,,Senegal,,14.7167,-17.4677,Africa,capital,hard,5,"Dakar, Senegal",dakar_senegal,1,source
Saint-Louis,,Senegal,,16.0326,-16.4892,Africa,city,easy,2,"Saint-Louis, Senegal",saint_louis_senegal,1,source
Thiès,,Senegal,,14.791,-16.926,Africa,city,easy,2,"Thiès, Senegal",thies_senegal,1,source
Touba,,Senegal,,14.8623,-15.8753,Africa,city,medium,3,"Touba, Senegal",touba_senegal,1,source
Belgrade,,Serbia,,44.7872,20.4573,Europe,capital,easy,1,"Belgrade, Serbia",belgrade_serbia,1,source
Niš,,Serbia,,43.3209,21.8958,Europe,city,hard,4,"Niš, Serbia",nis_serbia,1,source
Novi Sad,,Serbia,,45.2671,19.8335,Europe,city,medium,3,"Novi Sad, Serbia",novi_sad_serbia,1,source
Victoria,,Seychelles,,-4.6167,55.45,Africa,capital,easy,1,"Victoria, Seychelles",victoria_seychelles,1,source
Bo,,Sierra Leone,,7.9647,-11.7383,Africa,city,hard,6,"Bo, Sierra Leone",bo_sierra_leone,1,source
Freetown,,Sierra Leone,,8.4844,-13.2344,Africa,capital,hard,5,"Freetown, Sierra Leone",freetown_sierra_leone,1,source
Singapore,,Singapore,,1.3521,103.8198,Asia,capital,hard,4,Singapore,singapore_singapore,1,source_id_city_state
Simpson Bay,,Sint Maarten,Caribbean,18.0401,-63.1089,North_America,city,easy,2,"Simpson Bay, Sint Maarten, Caribbean",simpson_bay_sint_maarten_caribbean,1,source_context_resolution
Bratislava,,Slovakia,,48.1486,17.1077,Europe,capital,hard,4,"Bratislava, Slovakia",bratislava_slovakia,1,source
Košice,,Slovakia,,48.7164,21.2611,Europe,city,medium,3,"Košice, Slovakia",kosice_slovakia,1,source
Prešov,,Slovakia,,48.9986,21.2397,Europe,city,medium,3,"Prešov, Slovakia",presov_slovakia,1,source
Ljubljana,,Slovenia,,46.0569,14.5058,Europe,capital,medium,3,"Ljubljana, Slovenia",ljubljana_slovenia,1,source
Maribor,,Slovenia,,46.5547,15.6459,Europe,city,easy,1,"Maribor, Slovenia",maribor_slovenia,1,source
Honiara,,Solomon Islands,,-9.4319,159.9565,Oceania,capital,medium,3,"Honiara, Solomon Islands",honiara_solomon_islands,1,source
Hargeisa,,Somalia,,9.56,44.065,Africa,city,easy,1,"Hargeisa, Somalia",hargeisa_somalia,1,source
Kismayo,,Somalia,,-0.3522,42.5428,Africa,city,easy,1,"Kismayo, Somalia",kismayo_somalia,1,source
Mogadishu,,Somalia,,2.0469,45.3182,Africa,capital,hard,5,"Mogadishu, Somalia",mogadishu,1,source
Bloemfontein,,South Africa,,-29.1193,26.2249,Africa,capital,hard,6,"Bloemfontein, South Africa",bloemfontein_south_africa,1,source
Cape Town,,South Africa,,-33.9249,18.4241,Africa,city,medium,3,"Cape Town, South Africa",cape_town,1,source
Durban,,South Africa,,-29.8587,31.0218,Africa,city,easy,1,"Durban, South Africa",durban,1,source
Johannesburg,,South Africa,,-26.2041,28.0473,Africa,city,medium,3,"Johannesburg, South Africa",johannesburg,1,source
Polokwane,,South Africa,,-23.9045,29.4689,Africa,city,hard,6,"Polokwane, South Africa",polokwane_south_africa,1,source
Pretoria,,South Africa,,-25.7479,28.2293,Africa,capital,easy,1,"Pretoria, South Africa",pretoria,1,source
Soweto,,South Africa,,-26.2227,27.8568,Africa,city,easy,1,"Soweto, South Africa",soweto,1,source
Busan,,South Korea,,35.1796,129.0756,Asia,city,easy,1,"Busan, South Korea",busan,1,source
Daegu,,South Korea,,35.8714,128.6014,Asia,city,easy,2,"Daegu, South Korea",daegu,1,source
Daejeon,,South Korea,,36.3491,127.3849,Asia,city,easy,1,"Daejeon, South Korea",daejeon_south_korea,1,source
Gwangju,,South Korea,,35.1547,126.9156,Asia,city,easy,1,"Gwangju, South Korea",gwangju_south_korea,1,source
Incheon,,South Korea,,37.4563,126.7052,Asia,city,medium,3,"Incheon, South Korea",incheon,1,source
Seoul,,South Korea,,37.5665,126.978,Asia,capital,hard,5,"Seoul, South Korea",seoul_south_korea,1,source
Suwon,,South Korea,,37.2911,127.0089,Asia,city,easy,1,"Suwon, South Korea",suwon_south_korea,1,source
Ulsan,,South Korea,,35.5372,129.3167,Asia,city,easy,1,"Ulsan, South Korea",ulsan_south_korea,1,source
Gangnam,Seoul,South Korea,,37.5172,127.0473,Asia,city,medium,3,"Gangnam, Seoul, South Korea",gangnam_seoul_south_korea,1,source
Juba,,South Sudan,,4.8517,31.5825,Africa,capital,hard,4,"Juba, South Sudan",juba_south_sudan,1,source
Malakal,,South Sudan,,9.5334,31.6605,Africa,city,easy,1,"Malakal, South Sudan",malakal_south_sudan,1,source
Wau,,South Sudan,,7.7027,28.0032,Africa,city,medium,3,"Wau, South Sudan",wau_south_sudan,1,source
Alicante,,Spain,,38.3452,-0.481,Europe,city,medium,3,"Alicante, Spain",alicante_spain,1,source
Barcelona,,Spain,,41.3851,2.1734,Europe,city,medium,3,"Barcelona, Spain",barcelona,1,source
Bilbao,,Spain,,43.263,-2.935,Europe,city,hard,5,"Bilbao, Spain",bilbao,1,source
Burgos,,Spain,,42.3439,-3.6969,Europe,city,medium,3,"Burgos, Spain",burgos_spain,1,source
Cordoba,,Spain,,37.8882,-4.7794,Europe,city,hard,5,"Cordoba, Spain",cordoba_spain,1,source
Granada,,Spain,,37.1773,-3.5986,Europe,city,easy,2,"Granada, Spain",granada_spain,1,source
Juzcar,,Spain,,36.6231,-5.1675,Europe,city,hard,5,"Juzcar, Spain",juzcar,1,source
Las Palmas,,Spain,,28.1235,-15.4363,Europe,city,medium,3,"Las Palmas, Spain",las_palmas_spain,1,source
Madrid,,Spain,,40.4168,-3.7038,Europe,capital,easy,2,"Madrid, Spain",madrid_spain,1,source
Murcia,,Spain,,37.9922,-1.1307,Europe,city,medium,3,"Murcia, Spain",murcia,1,source
Málaga,,Spain,,36.7213,-4.4214,Europe,city,hard,5,"Málaga, Spain",malaga,1,source
Palma de Mallorca,,Spain,,39.5696,2.6502,Europe,city,easy,1,"Palma de Mallorca, Spain",palma_de_mallorca_spain,1,source
Palomares,,Spain,,37.2242,-1.7945,Europe,city,medium,3,"Palomares, Spain",palomares_spain,1,source
Sanlúcar de Barrameda,,Spain,,36.7781,-6.3515,Europe,city,easy,1,"Sanlúcar de Barrameda, Spain",sanlucar_de_barrameda_spain_departure,1,source
Seville,,Spain,,37.3886,-5.9823,Europe,city,easy,2,"Seville, Spain",seville,1,source
Valencia,,Spain,,39.4699,-0.3763,Europe,city,medium,3,"Valencia, Spain",valencia_spain,1,source
Valladolid,,Spain,,41.6523,-4.7245,Europe,city,medium,3,"Valladolid, Spain",valladolid_spain,1,source
Vigo,,Spain,,42.2406,-8.7207,Europe,city,hard,5,"Vigo, Spain",vigo_spain,1,source
Zaragoza,,Spain,,41.6488,-0.8891,Europe,city,medium,3,"Zaragoza, Spain",zaragoza,1,source
Colombo,,Sri Lanka,,6.9271,79.8612,Asia,capital,hard,5,"Colombo, Sri Lanka",colombo_sri_lanka,1,source
Sri Jayawardenepura Kotte,,Sri Lanka,,6.9271,79.8612,Asia,capital,hard,4,"Sri Jayawardenepura Kotte, Sri Lanka",sri_jayawardenepura_kotte_sri_lanka,1,source
Kassala,,Sudan,,15.4547,36.3998,Africa,city,medium,3,"Kassala, Sudan",kassala_sudan,1,source
Khartoum,,Sudan,,15.5007,32.5599,Africa,capital,hard,5,"Khartoum, Sudan",khartoum_sudan,1,source
Omdurman,,Sudan,,15.6476,32.4809,Africa,city,easy,2,"Omdurman, Sudan",omdurman,1,source
Port Sudan,,Sudan,,19.6158,37.2164,Africa,city,easy,1,"Port Sudan, Sudan",port_sudan_sudan,1,source
Paramaribo,,Suriname,,5.852,-55.2038,South_America,capital,hard,4,"Paramaribo, Suriname",paramaribo_suriname,1,source
Göteborg,,Sweden,,57.7089,11.9746,Europe,city,easy,1,"Göteborg, Sweden",goteborg,1,source
Malmö,,Sweden,,55.605,13.0038,Europe,city,hard,6,"Malmö, Sweden",malmo,2,source
Stockholm,,Sweden,,59.3326,18.0649,Europe,capital,hard,4,"Stockholm, Sweden",stockholm_sweden,1,source
Uppsala,,Sweden,,59.8586,17.6389,Europe,city,easy,1,"Uppsala, Sweden",uppsala_sweden,1,source
Basel,,Switzerland,,47.5596,7.5886,Europe,city,hard,6,"Basel, Switzerland",basel_switzerland,1,source
Bern,,Switzerland,,46.9481,7.4474,Europe,capital,hard,6,"Bern, Switzerland",bern_switzerland,1,source
Burgdorf,,Switzerland,,47.0591,7.6277,Europe,city,medium,3,"Burgdorf, Switzerland",burgdorf_switzerland,1,source
Davos,,Switzerland,,46.802,9.8355,Europe,city,hard,4,"Davos, Switzerland",davos_switzerland,1,source
Geneva,,Switzerland,,46.2044,6.1432,Europe,city,hard,5,"Geneva, Switzerland",geneva,1,source
Lausanne,,Switzerland,,46.5197,6.6323,Europe,city,medium,3,"Lausanne, Switzerland",lausanne_switzerland,1,source
Lugano,,Switzerland,,46.0037,8.9511,Europe,city,hard,5,"Lugano, Switzerland",lugano_switzerland,1,source
Ticino,,Switzerland,,46.3317,8.8005,Europe,city,easy,1,"Ticino, Switzerland",ticino_switzerland,1,source
Zurich,,Switzerland,,47.3769,8.5417,Europe,city,easy,1,"Zurich, Switzerland",zurich,1,source
Aleppo,,Syria,,36.2167,37.1667,Middle_East,city,medium,3,"Aleppo, Syria",aleppo,2,source
Damascus,,Syria,,33.5138,36.2765,Middle_East,capital,easy,2,"Damascus, Syria",damascus_syria,1,source
São Tomé,,São Tomé and Príncipe,,0.3233,6.725,Africa,capital,medium,3,"São Tomé, São Tomé and Príncipe",sao_tome_sao_tome_and_principe,1,source
Kaohsiung,,Taiwan,,22.6273,120.3014,Asia,city,easy,1,"Kaohsiung, Taiwan",kaohsiung,1,source
Taichung,,Taiwan,,24.1477,120.6736,Asia,city,medium,3,"Taichung, Taiwan",taichung_taiwan,1,source
Tainan,,Taiwan,,22.9997,120.227,Asia,city,easy,1,"Tainan, Taiwan",tainan_taiwan,1,source
Taipei,,Taiwan,,25.033,121.5654,Asia,capital,medium,3,"Taipei, Taiwan",taipei_taiwan,1,source
Dushanbe,,Tajikistan,,38.5358,68.7791,Asia,capital,easy,2,"Dushanbe, Tajikistan",dushanbe_tajikistan,1,source
Khujand,,Tajikistan,,40.2826,69.6222,Asia,city,easy,2,"Khujand, Tajikistan",khujand_tajikistan,1,source
Kulob,,Tajikistan,,38.5481,69.7848,Asia,city,medium,3,"Kulob, Tajikistan",kulob_tajikistan,1,source
Dar es Salaam,,Tanzania,,-6.7924,39.2083,Africa,city,hard,4,"Dar es Salaam, Tanzania",dar_es_salaam,1,source
Dodoma,,Tanzania,,-6.1731,35.7419,Africa,capital,medium,3,"Dodoma, Tanzania",dodoma_tanzania,1,source
Mwanza,,Tanzania,,-2.5167,32.9,Africa,city,hard,4,"Mwanza, Tanzania",mwanza_tanzania,1,source
Zanzibar City,Zanzibar Archipelago,Tanzania,,-6.1659,39.2026,Africa,city,easy,1,"Zanzibar City, Zanzibar Archipelago, Tanzania",zanzibar_city_zanzibar_archipelago_tanzania,2,source
Bangkok,,Thailand,,13.7563,100.5018,Asia,capital,hard,6,"Bangkok, Thailand",bangkok_thailand,1,source
Chiang Mai,,Thailand,,18.7883,98.9853,Asia,city,easy,2,"Chiang Mai, Thailand",chiang_mai_thailand,2,source
Banjul,,The Gambia,,13.4549,-16.579,Africa,capital,medium,3,"Banjul, The Gambia",banjul_the_gambia,1,source
Serekunda,,The Gambia,,13.44,-16.6775,Africa,city,easy,2,"Serekunda, The Gambia",serekunda_gambia,1,source
Dili,,Timor-Leste,,-8.5584,125.5795,Asia,capital,easy,1,"Dili, East Timor",dili_east_timor,2,source
Lome,,Togo,,6.1319,1.2228,Africa,capital,medium,3,"Lome, Togo",lome_togo,1,source
Sokodé,,Togo,,8.9833,1.1333,Africa,city,easy,1,"Sokodé, Togo",sokode_togo,1,source
Nukuʻalofa,,Tonga,,-21.1333,-175.2,Oceania,capital,hard,4,"Nukuʻalofa, Tonga",nukualofa_tonga,1,source
Port of Spain,,Trinidad and Tobago,,10.6549,-61.5019,North_America,capital,easy,2,"Port of Spain, Trinidad and Tobago",port_of_spain_trinidad_and_tobago,1,source
Bizerte,,Tunisia,,37.2746,9.8739,Africa,city,medium,3,"Bizerte, Tunisia",bizerte_tunisia,1,source
Matmata,,Tunisia,,33.5443,9.9708,Africa,city,hard,4,"Matmata, Tunisia",matmata_tunisia,1,source
Tunis,,Tunisia,,36.8065,10.1815,Africa,capital,hard,4,"Tunis, Tunisia",tunis_tunisia,1,source
Adana,,Turkey,,36.9862,35.3253,Middle_East,city,easy,1,"Adana, Turkey",adana_turkey,1,source
Ankara,,Turkey,,39.9208,32.8541,Middle_East,capital,hard,6,"Ankara, Turkey",ankara_turkey,1,source
Antalya,,Turkey,,36.8969,30.7133,Middle_East,city,hard,5,"Antalya, Turkey",antalya,1,source
Batman,,Turkey,,37.8812,41.1351,Asia,city,hard,5,"Batman, Turkey",batman_turkey,1,source
Bursa,,Turkey,,40.1885,29.061,Middle_East,city,medium,3,"Bursa, Turkey",bursa,1,source
Denizli,,Turkey,,37.7765,29.0864,Middle_East,city,easy,1,"Denizli, Turkey",denizli_turkey,1,source
Diyarbakir,,Turkey,,37.9136,40.2172,Middle_East,city,easy,1,"Diyarbakir, Turkey",diyarbakir_turkey,1,source
Eskisehir,,Turkey,,39.7767,30.5206,Middle_East,city,hard,5,"Eskisehir, Turkey",eskisehir_turkey,1,source
Gallipoli,,Turkey,,40.4125,26.67,Middle_East,city,medium,3,"Gallipoli, Turkey",gallipoli_turkey,1,source
Gaziantep,,Turkey,,37.0662,37.3833,Middle_East,city,medium,3,"Gaziantep, Turkey",gaziantep,1,source
Istanbul,,Turkey,,41.0082,28.9784,Middle_East,city,hard,5,"Istanbul, Turkey",istanbul,1,source
Izmir,,Turkey,,38.4237,27.1428,Middle_East,city,medium,3,"Izmir, Turkey",izmir,1,source
Kayseri,,Turkey,,38.7322,35.4853,Middle_East,city,medium,3,"Kayseri, Turkey",kayseri_turkey,1,source
Konya,,Turkey,,37.8713,32.4846,Middle_East,city,hard,4,"Konya, Turkey",konya_turkey,1,source
Mersin,,Turkey,,36.8121,34.6415,Middle_East,city,hard,4,"Mersin, Turkey",mersin_turkey,1,source
Samsun,,Turkey,,41.2867,36.33,Middle_East,city,medium,3,"Samsun, Turkey",samsun_turkey,1,source
Trabzon,,Turkey,,41.0027,39.7168,Middle_East,city,easy,1,"Trabzon, Turkey",trabzon_turkey,1,source
Ashgabat,,Turkmenistan,,37.9601,58.3261,Asia,capital,medium,3,"Ashgabat, Turkmenistan",ashgabat_turkmenistan,1,source
Mary,,Turkmenistan,,37.5994,61.8306,Asia,city,easy,1,"Mary, Turkmenistan",mary_turkmenistan,1,source
Türkmenabat,,Turkmenistan,,39.0733,63.5786,Asia,city,easy,1,"Türkmenabat, Turkmenistan",turkmenabat_turkmenistan,1,source
Cockburn Town,Grand Turk Island,Turks & Caicos,,21.4675,-71.1389,North_America,capital,medium,3,"Cockburn Town, Grand Turk Island, Turks & Caicos",cockburn_town_grand_turk_island_turks_caicos,1,source
Funafuti,,Tuvalu,,-8.5167,179.2167,Oceania,capital,easy,1,"Funafuti, Tuvalu",funafuti_tuvalu,1,source
Christiansted,,US Virgin Islands,,17.7462,-64.7045,North_America,city,medium,3,"Christiansted, US Virgin Islands",christiansted_us_virgin_islands,1,source
Charlotte Amalie,St Thomas,US Virgin Islands,,18.3419,-64.9307,North_America,capital,hard,4,"Charlotte Amalie, St Thomas, US Virgin Islands",charlotte_amalie_us_virgin_islands,1,source
Entebbe,,Uganda,,0.0517,32.4633,Africa,city,easy,1,"Entebbe, Uganda",entebbe_uganda,1,source
Gulu,,Uganda,,2.7747,32.299,Africa,city,easy,1,"Gulu, Uganda",gulu_uganda,1,source
Jinja,,Uganda,,0.4244,33.2041,Africa,city,easy,1,"Jinja, Uganda",jinja_uganda,1,source
Kampala,,Uganda,,0.3476,32.5825,Africa,capital,medium,3,"Kampala, Uganda",kampala_uganda,1,source
Dnipro,,Ukraine,,48.4647,35.0462,Europe,city,medium,3,"Dnipro, Ukraine",dnipro,1,source
Donetsk,,Ukraine,,48.0159,37.8029,Europe,city,medium,3,"Donetsk, Ukraine",donetsk,1,source
Kharkiv,,Ukraine,,49.9935,36.2304,Europe,city,easy,1,"Kharkiv, Ukraine",kharkiv,1,source
Khmelnytskyi,,Ukraine,,49.4167,27,Europe,city,hard,6,"Khmelnytskyi, Ukraine",khmelnytskyi_ukraine,1,source
Kryvyi Rih,,Ukraine,,47.9105,33.3918,Europe,city,easy,1,"Kryvyi Rih, Ukraine",kryvyi_rih_ukraine,1,source
Kyiv,,Ukraine,,50.4501,30.5234,Europe,capital,hard,5,"Kyiv, Ukraine",kyiv_ukraine,1,source
Lubny,,Ukraine,,50.018,32.9968,Europe,city,medium,3,"Lubny, Ukraine",lubny_ukraine,1,source
Lviv,,Ukraine,,49.8397,24.0297,Europe,city,hard,6,"Lviv, Ukraine",lviv,1,source
Odesa,,Ukraine,,46.4825,30.7233,Europe,city,hard,4,"Odesa, Ukraine",odesa,1,source
Zaporizhzhia,,Ukraine,,47.8388,35.1396,Europe,city,easy,2,"Zaporizhzhia, Ukraine",zaporizhzhia,1,source
Sevastopol,Crimea,Ukraine,,44.6167,33.5254,Europe,city,medium,3,"Sevastopol, Crimea",sevastopol_crimea,1,source_cross_reference
Yalta,Crimea,Ukraine,,44.4952,34.1664,Europe,city,hard,5,"Yalta, Crimea, Ukraine",yalta_crimea_ukraine,1,source
Abu Dhabi,,United Arab Emirates,,24.4667,54.3667,Middle_East,capital,hard,5,"Abu Dhabi, United Arab Emirates",abu_dhabi_united_arab_emirates,2,source
Dubai,,United Arab Emirates,,25.2048,55.2708,Middle_East,city,hard,5,"Dubai, UAE",dubai,1,source
Sharjah,,United Arab Emirates,,25.3342,55.4122,Middle_East,city,hard,4,"Sharjah, United Arab Emirates",sharjah_united_arab_emirates,1,source
Gibraltar,,United Kingdom,,36.1408,-5.3536,Europe,city,medium,3,"Gibraltar, UK",gibraltar_uk,1,source
Bath,England,United Kingdom,,51.3813,-2.359,Europe,city,hard,4,"Bath, England",bath_england,1,source
Berkeley,England,United Kingdom,,51.6918,-2.4554,Europe,city,hard,4,"Berkeley, England",berkeley_england,1,source
Birmingham,England,United Kingdom,,52.4862,-1.8904,Europe,city,hard,5,"Birmingham, England",birmingham,1,source
Bradford,England,United Kingdom,,53.796,-1.7594,Europe,city,easy,1,"Bradford, England",bradford,1,source
Brighton,England,United Kingdom,,50.8225,-0.1372,Europe,city,easy,2,"Brighton, England",brighton,1,source
Bristol,England,United Kingdom,,51.4545,-2.5879,Europe,city,easy,2,"Bristol, England",bristol,1,source
Coventry,England,United Kingdom,,52.4068,-1.5197,Europe,city,easy,1,"Coventry, England",coventry,1,source
Dartmouth,England,United Kingdom,,50.3525,-3.5786,Europe,city,hard,4,"Dartmouth, England",startend_dartmouth_england,1,source
Leeds,England,United Kingdom,,53.8008,-1.5491,Europe,city,hard,6,"Leeds, England",leeds,1,source
Leicester,England,United Kingdom,,52.6369,-1.1398,Europe,city,easy,1,"Leicester, England",leicester,1,source
Liverpool,England,United Kingdom,,53.4084,-2.9916,Europe,city,medium,3,"Liverpool, England",liverpool,1,source
London,England,United Kingdom,,51.5074,-0.1278,Europe,capital,medium,3,"London, England",london,1,source
Manchester,England,United Kingdom,,53.4808,-2.2426,Europe,city,easy,2,"Manchester, England",manchester,1,source
Newcastle,England,United Kingdom,,54.9783,-1.6178,Europe,city,medium,3,"Newcastle, England",newcastle,1,source
Nottingham,England,United Kingdom,,52.9548,-1.1581,Europe,city,easy,2,"Nottingham, England",nottingham,1,source
Old Catton,England,United Kingdom,,52.67,1.29,Europe,city,easy,2,"Old Catton, England",old_catton_england,1,source
Oxford,England,United Kingdom,,51.752,-1.2577,Europe,city,easy,2,"Oxford, England",oxford,1,source
Plymouth,England,United Kingdom,,50.3715,-4.1427,Europe,city,hard,4,"Plymouth, England",plymouth_england,1,source
Portsmouth,England,United Kingdom,,50.8017,-1.0974,Europe,city,easy,2,"Portsmouth, England",portsmouth_england,1,source
Sandwich,England,United Kingdom,,51.2747,1.3404,Europe,city,hard,4,"Sandwich, England",sandwich_england,1,source
Sheffield,England,United Kingdom,,53.3811,-1.4701,Europe,city,medium,3,"Sheffield, England",sheffield,1,source
Southampton,England,United Kingdom,,50.9097,-1.4044,Europe,city,easy,2,"Southampton, England",southampton_england,1,source
Stockton-on-Tees,England,United Kingdom,,54.5695,-1.3187,Europe,city,medium,3,"Stockton-on-Tees, England",stocktonontees_england,1,source
Stratford-upon-Avon,England,United Kingdom,,52.1917,-1.7083,Europe,city,easy,1,"Stratford-upon-Avon, England",stratforduponavon_england,1,source
Wimbledon,England,United Kingdom,London,51.4234,-0.2146,Europe,city,easy,1,"Wimbledon, London, England",wimbledon_london,1,source
Belfast,Northern Ireland,United Kingdom,,54.5973,-5.9301,Europe,city,easy,1,"Belfast, Northern Ireland",belfast,1,source
Derry,Northern Ireland,United Kingdom,,54.9971,-7.3092,Europe,city,medium,3,"Derry, Northern Ireland",derry_ireland,1,source
Portadown,Northern Ireland,United Kingdom,,54.4234,-6.444,Europe,city,hard,4,"Portadown, Northern Ireland",portadown_northern_ireland,1,source
Aberdeen,Scotland,United Kingdom,,57.1497,-2.0943,Europe,city,medium,3,"Aberdeen, Scotland",aberdeen_scotland,1,source
Edinburgh,Scotland,United Kingdom,,55.9533,-3.1883,Europe,city,hard,4,"Edinburgh, Scotland",edinburgh_scotland,1,source
Glasgow,Scotland,United Kingdom,,55.8642,-4.2518,Europe,city,medium,3,"Glasgow, Scotland",glasgow,1,source
Kirkwall,Scotland,United Kingdom,Orkney Island,58.9839,-2.9586,Europe,city,hard,5,"Kirkwall, Orkney Island, Scotland",kirkwall_orkney_scotland,1,source
Tobermory,Scotland,United Kingdom,,56.6227,-6.0689,Europe,city,medium,3,"Tobermory, Scotland",tobermory,1,source
Cardiff,Wales,United Kingdom,,51.4816,-3.1791,Europe,city,hard,5,"Cardiff, Wales",cardiff,1,source
Portmeirion,Wales,United Kingdom,,52.9139,-4.0961,Europe,city,medium,3,"Portmeirion, Wales",portmeirion,1,source
Washington DC,,United States,,38.9072,-77.0369,North_America,capital,easy,1,"Washington DC, United States",washington_dc_united_states,2,source
Birmingham,Alabama,United States,,33.5186,-86.8104,North_America,city,easy,1,"Birmingham, Alabama",birmingham_alabama,1,source
Huntsville,Alabama,United States,,34.7304,-86.5861,North_America,city,hard,5,"Huntsville, Alabama",huntsville_alabama,1,source
Marion,Alabama,United States,,32.6326,-87.3194,North_America,city,easy,2,"Marion, Alabama",marion_alabama,1,source
Mobile,Alabama,United States,,30.6954,-88.0399,North_America,city,hard,5,"Mobile, Alabama",mobile_alabama,1,source
Montgomery,Alabama,United States,,32.3792,-86.3077,North_America,state_capital,hard,5,"Montgomery, Alabama",montgomery_alabama,1,source
Selma,Alabama,United States,,32.4074,-87.0211,North_America,city,medium,3,"Selma, Alabama",selma_alabama,1,source
Tuscumbia,Alabama,United States,,34.7312,-87.7025,North_America,city,hard,4,"Tuscumbia, Alabama",tuscumbia_alabama,1,source
Tuskegee,Alabama,United States,,32.4305,-85.7072,North_America,city,medium,3,"Tuskegee, Alabama",tuskegee_alabama,1,source
Anchorage,Alaska,United States,,61.2181,-149.9003,North_America,city,medium,3,"Anchorage, Alaska",anchorage_alaska,2,source
Barrow,Alaska,United States,,71.2906,-156.7887,North_America,city,hard,4,"Barrow, Alaska",barrow_alaska,1,source
Juneau,Alaska,United States,,58.3019,-134.4197,North_America,state_capital,medium,3,"Juneau, Alaska",juneau_alaska,1,source
Kodiak Station,Alaska,United States,Kodiak Island,57.4226,-153.5168,North_America,city,medium,3,"Kodiak Station, Kodiak Island, Alaska",kodiak_station_kodiak_island_alaska,1,source
Nome,Alaska,United States,,64.5011,-165.4064,North_America,city,easy,1,"Nome, Alaska",nome_alaska,1,source
Teller,Alaska,United States,,65.2631,-166.3606,North_America,city,easy,2,"Teller, Alaska",teller_alaska,1,source
Unalaska,Alaska,United States,,53.8826,-166.5313,North_America,city,medium,3,"Unalaska, Alaska",unalaska_alaska,1,source
Flagstaff,Arizona,United States,,35.1983,-111.6513,North_America,city,easy,1,"Flagstaff, Arizona",flagstaff,1,source
Phoenix,Arizona,United States,,33.4484,-112.074,North_America,state_capital,hard,6,"Phoenix, Arizona",phoenix_arizona,1,source
Tombstone,Arizona,United States,,31.7128,-110.067,North_America,city,hard,4,"Tombstone, Arizona",tombstone_arizona,1,source
Tucson,Arizona,United States,,32.2226,-110.9747,North_America,city,easy,2,"Tucson, Arizona",tucson,1,source
Conway,Arkansas,United States,,35.0903,-92.4416,North_America,city,hard,6,"Conway, Arkansas",conway_arkansas,1,source
Fort Smith,Arkansas,United States,,35.3859,-94.3985,North_America,city,medium,3,"Fort Smith, Arkansas",fort_smith_arkansas,1,source
Little Rock,Arkansas,United States,,34.7465,-92.2896,North_America,state_capital,easy,2,"Little Rock, Arkansas",little_rock_arkansas,1,source
Berkeley,California,United States,,37.8715,-122.273,North_America,city,hard,4,"Berkeley, California",berkeley,1,source
Beverly Hills,California,United States,,34.0736,-118.4004,North_America,city,easy,1,"Beverly Hills, California",beverly_hills,1,source
Burbank,California,United States,,34.1808,-118.309,North_America,city,medium,3,"Burbank, California",burbank,1,source
Compton,California,United States,,33.8958,-118.2201,North_America,city,easy,1,"Compton, California",compton_california,1,source
Cupertino,California,United States,,37.3229,-122.0322,North_America,city,medium,3,"Cupertino, California",cupertino_california,1,source
Edwards Air Force Base,California,United States,,34.9054,-117.883,North_America,city,easy,1,"Edwards Air Force Base, California",edwards_air_force_base_california,1,source
Hollywood,California,United States,,34.0983,-118.3267,North_America,city,medium,3,"Hollywood, California",hollywood,1,source
Huntington Beach,California,United States,,33.6603,-117.9992,North_America,city,easy,2,"Huntington Beach, California",huntington_beach_california,1,source
La Jolla,California,United States,,32.8328,-117.2713,North_America,city,medium,3,"La Jolla, California",la_jolla_california,1,source
Livermore,California,United States,,37.6819,-121.768,North_America,city,medium,3,"Livermore, California",livermore_california,1,source
Long Beach,California,United States,,33.7701,-118.1937,North_America,city,easy,2,"Long Beach, California",long_beach_california,1,source
Los Angeles,California,United States,,34.0522,-118.2437,North_America,city,hard,4,"Los Angeles, California",los_angeles,1,source
Malibu,California,United States,,34.0259,-118.7798,North_America,city,hard,6,"Malibu, California",malibu,1,source
Oakland,California,United States,,37.8044,-122.2711,North_America,city,easy,2,"Oakland, California",oakland,1,source
Palo Alto,California,United States,,37.4419,-122.143,North_America,city,easy,1,"Palo Alto, California",palo_alto,1,source
Pasadena,California,United States,,34.1478,-118.1445,North_America,city,easy,2,"Pasadena, California",pasadena_california,1,source
Sacramento,California,United States,,38.5816,-121.4944,North_America,state_capital,easy,1,"Sacramento, California",sacramento_california,1,source
San Diego,California,United States,,32.7157,-117.1611,North_America,city,hard,4,"San Diego, California",san_diego,1,source
San Francisco,California,United States,,37.7749,-122.4194,North_America,city,easy,2,"San Francisco, California",san_francisco,1,source
San Rafael,California,United States,,37.9735,-122.5311,North_America,city,hard,6,"San Rafael, California",san_rafael_california,1,source
Santa Barbara,California,United States,,34.4208,-119.6982,North_America,city,medium,3,"Santa Barbara, California",santa_barbara_california,1,source
Santa Rosa,California,United States,,38.4404,-122.7141,North_America,city,hard,4,"Santa Rosa, California",santa_rosa_california,1,source
Sunnyvale,California,United States,,37.3688,-122.0363,North_America,city,hard,5,"Sunnyvale, California",sunnyvale_california,1,source
Tustin,California,United States,,33.7455,-117.8265,North_America,city,easy,1,"Tustin, California",tustin_california,1,source
Winnetka,California,United States,,34.2136,-118.5714,North_America,city,easy,2,"Winnetka, California",winnetka_california,1,source
Colorado Springs,Colorado,United States,,38.8339,-104.8214,North_America,city,hard,4,"Colorado Springs, Colorado",colorado_springs,1,source
Denver,Colorado,United States,,39.7392,-104.9903,North_America,state_capital,hard,4,"Denver, Colorado",denver_colorado,1,source
Grand Junction,Colorado,United States,,39.0639,-108.5506,North_America,city,easy,1,"Grand Junction, Colorado",grand_junction_colorado,1,source
Bethel,Connecticut,United States,,41.3712,-73.4131,North_America,city,easy,1,"Bethel, Connecticut",bethel_connecticut,1,source
Hartford,Connecticut,United States,,41.7658,-72.6734,North_America,state_capital,hard,6,"Hartford, Connecticut",hartford_connecticut,1,source
Litchfield,Connecticut,United States,,41.7476,-73.1887,North_America,city,medium,3,"Litchfield, Connecticut",litchfield_connecticut,1,source
Lyme,Connecticut,United States,,41.4032,-72.3376,North_America,city,hard,6,"Lyme, Connecticut",lyme_connecticut,1,source
New Haven,Connecticut,United States,,41.3083,-72.9279,North_America,city,medium,3,"New Haven, Connecticut",new_haven_connecticut,1,source
Pomfret,Connecticut,United States,,41.8976,-71.9633,North_America,city,medium,3,"Pomfret, Connecticut",pomfret_connecticut,1,source
Dover,Delaware,United States,,39.1582,-75.5244,North_America,state_capital,hard,4,"Dover, Delaware",dover_delaware,1,source
Wilmington,Delaware,United States,,39.7391,-75.5398,North_America,city,easy,1,"Wilmington, Delaware",wilmington_delaware,2,source
Apalachicola,Florida,United States,,29.7246,-84.9824,North_America,city,medium,3,"Apalachicola, Florida",apalachicola_florida,1,source
Cape Canaveral,Florida,United States,,28.3922,-80.6077,North_America,city,easy,1,"Cape Canaveral, Florida",cape_canaveral,1,source
Daytona Beach,Florida,United States,,29.2108,-81.0228,North_America,city,medium,3,"Daytona Beach, Florida",daytona_beach,1,source
Fort Lauderdale,Florida,United States,,26.1224,-80.1373,North_America,city,easy,1,"Fort Lauderdale, Florida",fort_lauderdale,1,source
Jacksonville,Florida,United States,,30.3322,-81.6557,North_America,city,easy,2,"Jacksonville, Florida",jacksonville_florida,1,source
Key West,Florida,United States,,24.5551,-81.78,North_America,city,medium,3,"Key West, Florida",key_west_florida,1,source
Mayport,Florida,United States,,30.3921,-81.4296,North_America,city,easy,2,"Mayport, Florida",mayport_florida,1,source
Miami,Florida,United States,,25.7617,-80.1918,North_America,city,hard,4,"Miami, Florida",miami,1,source
Miami Beach,Florida,United States,,25.7907,-80.13,North_America,city,hard,4,"Miami Beach, Florida",miami_beach,1,source
Muscogee,Florida,United States,,30.5216,-87.268,North_America,city,hard,4,"Muscogee, Florida",muscogee_florida,1,source
Orlando,Florida,United States,,28.5383,-81.3792,North_America,city,medium,3,"Orlando, Florida",orlando,1,source
Tallahassee,Florida,United States,,30.4418,-84.2879,North_America,state_capital,medium,3,"Tallahassee, Florida",tallahassee_florida,1,source
Tampa,Florida,United States,,27.9506,-82.4572,North_America,city,hard,5,"Tampa, Florida",tampa,1,source
West Palm Beach,Florida,United States,,26.7153,-80.0534,North_America,city,easy,1,"West Palm Beach, Florida",west_palm_beach,1,source
Atlanta,Georgia,United States,,33.749,-84.388,North_America,state_capital,hard,4,"Atlanta, Georgia",atlanta_georgia,1,source
Savannah,Georgia,United States,,32.0809,-81.0912,North_America,city,easy,1,"Savannah, Georgia",savannah,1,source
Hilo,Hawaii,United States,,19.7297,-155.0908,North_America,city,medium,3,"Hilo, Hawaii",hilo_hawaii,1,source
Honolulu,Hawaii,United States,,21.3099,-157.8581,North_America,state_capital,easy,2,"Honolulu, Hawaii",honolulu_hawaii,1,source
Kona,Hawaii,United States,,19.639,-155.9969,North_America,city,medium,3,"Kona, Hawaii",kona_hawaii,1,source
Boise,Idaho,United States,,43.615,-116.2023,North_America,state_capital,hard,4,"Boise, Idaho",boise_idaho,1,source
Idaho Falls,Idaho,United States,,43.4917,-112.0339,North_America,city,hard,5,"Idaho Falls, Idaho",idaho_falls,1,source
Batavia,Illinois,United States,,41.85,-88.3126,North_America,city,hard,4,"Batavia, Illinois",batavia_illinois,1,source
Champaign,Illinois,United States,,40.1164,-88.2434,North_America,city,medium,3,"Champaign, Illinois",champaign_illinois,1,source
Chicago,Illinois,United States,,41.8781,-87.6298,North_America,city,medium,3,"Chicago, Illinois",chicago,1,source
Des Plaines,Illinois,United States,,42.0334,-87.8834,North_America,city,easy,1,"Des Plaines, Illinois",des_plaines_illinois,1,source
Monmouth,Illinois,United States,,40.9114,-90.6474,North_America,city,easy,1,"Monmouth, Illinois",monmouth_illinois,1,source
Springfield,Illinois,United States,,39.7817,-89.6501,North_America,state_capital,hard,6,"Springfield, Illinois",springfield_illinois,3,source
Indianapolis,Indiana,United States,,39.7684,-86.1581,North_America,state_capital,medium,3,"Indianapolis, Indiana",indianapolis_indiana,1,source
Worthington,Indiana,United States,,39.1231,-86.9788,North_America,city,easy,1,"Worthington, Indiana",worthington_indiana,1,source
Des Moines,Iowa,United States,,41.5868,-93.625,North_America,state_capital,easy,2,"Des Moines, Iowa",des_moines_iowa,1,source
Iowa City,Iowa,United States,,41.6611,-91.5302,North_America,city,easy,1,"Iowa City, Iowa",iowa_city,1,source
Lawrence,Kansas,United States,,38.9717,-95.2353,North_America,city,medium,3,"Lawrence, Kansas",lawrence,1,source
Topeka,Kansas,United States,,39.0558,-95.689,North_America,state_capital,easy,1,"Topeka, Kansas",topeka_kansas,1,source
Wichita,Kansas,United States,,37.6872,-97.3301,North_America,city,easy,1,"Wichita, Kansas",wichita_kansas,1,source
Frankfort,Kentucky,United States,,38.2009,-84.8733,North_America,state_capital,hard,6,"Frankfort, Kentucky",frankfort_kentucky,1,source
Hodgenville,Kentucky,United States,,37.5736,-85.7391,North_America,city,medium,3,"Hodgenville, Kentucky",hodgenville_kentucky,1,source
Lexington,Kentucky,United States,,38.0406,-84.5037,North_America,city,hard,6,"Lexington, Kentucky",lexington,1,source
Louisville,Kentucky,United States,,38.2527,-85.7585,North_America,city,easy,1,"Louisville, Kentucky",louisville_kentucky,1,source
Baton Rouge,Louisiana,United States,,30.4515,-91.1871,North_America,state_capital,easy,1,"Baton Rouge, Louisiana",baton_rouge_louisiana,1,source
Gibsland,Louisiana,United States,,32.5427,-93.0521,North_America,city,medium,3,"Gibsland, Louisiana",gibsland_louisiana,1,source
New Orleans,Louisiana,United States,,29.9511,-90.0715,North_America,city,medium,3,"New Orleans, Louisiana",new_orleans,1,source
Shreveport,Louisiana,United States,,32.5237,-93.7635,North_America,city,medium,3,"Shreveport, Louisiana",shreveport_louisiana,1,source
Augusta,Maine,United States,,44.3106,-69.7795,North_America,state_capital,medium,3,"Augusta, Maine",augusta_maine,1,source
Rockport,Maine,United States,,44.187,-69.0781,North_America,city,medium,3,"Rockport, Maine",rockport_maine,1,source
Annapolis,Maryland,United States,,38.9784,-76.4951,North_America,state_capital,easy,2,"Annapolis, Maryland",annapolis_maryland,1,source
Baltimore,Maryland,United States,,39.2904,-76.6122,North_America,city,medium,3,"Baltimore, Maryland",baltimore,1,source
Glen Echo,Maryland,United States,,38.969,-77.14,North_America,city,hard,4,"Glen Echo, Maryland",glen_echo_maryland,1,source
Hagerstown,Maryland,United States,,39.6418,-77.7199,North_America,city,easy,2,"Hagerstown, Maryland",hagerstown_maryland,1,source
Rockville,Maryland,United States,,39.084,-77.1528,North_America,city,easy,2,"Rockville, Maryland",rockville_maryland,1,source
Auburn,Massachusetts,United States,,42.1946,-71.8356,North_America,city,hard,5,"Auburn, Massachusetts",auburn_massachusetts,1,source
Boston,Massachusetts,United States,,42.3601,-71.0589,North_America,state_capital,easy,1,"Boston, Massachusetts",boston_massachusetts,1,source
Brookline,Massachusetts,United States,,42.3148,-71.1212,North_America,city,easy,1,"Brookline, Massachusetts",brookline_massachusetts,1,source
Cambridge,Massachusetts,United States,,42.3736,-71.1097,North_America,city,easy,2,"Cambridge, Massachusetts",cambridge_massachusetts,1,source
Gloucester,Massachusetts,United States,,42.6159,-70.661,North_America,city,hard,6,"Gloucester, Massachusetts",gloucester_massachusetts,1,source
Roxbury,Massachusetts,United States,,42.3152,-71.0914,North_America,city,hard,6,"Roxbury, Massachusetts",roxbury_massachusetts,1,source
Worcester,Massachusetts,United States,,42.2626,-71.8023,North_America,city,easy,1,"Worcester, Massachusetts",worcester_massachusetts,1,source
Ann Arbor,Michigan,United States,,42.2808,-83.743,North_America,city,medium,3,"Ann Arbor, Michigan",ann_arbor,1,source
Detroit,Michigan,United States,,42.3314,-83.0458,North_America,city,medium,3,"Detroit, Michigan",detroit,1,source
Flint,Michigan,United States,,43.0125,-83.6875,North_America,city,medium,3,"Flint, Michigan",flint_michigan,1,source
Grand Rapids,Michigan,United States,,42.9634,-85.6681,North_America,city,easy,1,"Grand Rapids, Michigan",grand_rapids_michigan,1,source
Lansing,Michigan,United States,,42.7325,-84.5555,North_America,state_capital,easy,2,"Lansing, Michigan",lansing_michigan,1,source
Cannon Falls,Minnesota,United States,,44.3793,-93.4669,North_America,city,hard,5,"Cannon Falls, Minnesota",cannon_falls,1,source
Minneapolis,Minnesota,United States,,44.9778,-93.265,North_America,city,medium,3,"Minneapolis, Minnesota",minneapolis,1,source
St. Paul,Minnesota,United States,,44.9537,-93.09,North_America,state_capital,easy,2,"St. Paul, Minnesota",st_paul_minnesota,1,source
Biloxi,Mississippi,United States,,30.396,-88.8853,North_America,city,hard,4,"Biloxi, Mississippi",biloxi_mississippi,1,source
Gulfport,Mississippi,United States,,30.3674,-89.0928,North_America,city,medium,3,"Gulfport, Mississippi",gulfport_mississippi,1,source
Jackson,Mississippi,United States,,32.2988,-90.1848,North_America,state_capital,hard,4,"Jackson, Mississippi",jackson_mississippi,1,source
Chillicothe,Missouri,United States,,39.7953,-93.5524,North_America,city,hard,4,"Chillicothe, Missouri",chillicothe_missouri,1,source
Jefferson City,Missouri,United States,,38.5767,-92.1735,North_America,state_capital,medium,3,"Jefferson City, Missouri",jefferson_city_missouri,1,source
Kansas City,Missouri,United States,,39.0997,-94.5786,North_America,city,medium,3,"Kansas City, Missouri",kansas_city,1,source
St. Charles,Missouri,United States,,38.7839,-90.4812,North_America,city,hard,5,"St. Charles, Missouri",st_charles_missouri,1,source
St. Joseph,Missouri,United States,,39.7675,-94.8467,North_America,city,easy,2,"St. Joseph, Missouri",st_joseph_missouri,1,source
St. Louis,Missouri,United States,,38.627,-90.1994,North_America,city,easy,1,"St. Louis, Missouri",st_louis,1,source
Billings,Montana,United States,,45.7833,-108.5007,North_America,city,hard,6,"Billings, Montana",billings_montana,1,source
Great Falls,Montana,United States,,47.5049,-111.2919,North_America,city,hard,4,"Great Falls, Montana",great_falls_montana,1,source
Helena,Montana,United States,,46.5958,-112.0362,North_America,state_capital,hard,5,"Helena, Montana",helena_montana,1,source
Lincoln,Nebraska,United States,,40.8136,-96.7026,North_America,state_capital,easy,1,"Lincoln, Nebraska",lincoln_nebraska,1,source
Nebraska City,Nebraska,United States,,40.6766,-95.8596,North_America,city,hard,5,"Nebraska City, Nebraska",nebraska_city,1,source
Omaha,Nebraska,United States,,41.2565,-95.9345,North_America,city,easy,2,"Omaha, Nebraska",omaha,1,source
Walthill,Nebraska,United States,,42.1442,-96.4995,North_America,city,easy,2,"Walthill, Nebraska",walthill_nebraska,1,source
Carson City,Nevada,United States,,39.1638,-119.7674,North_America,state_capital,medium,3,"Carson City, Nevada",carson_city_nevada,1,source
Las Vegas,Nevada,United States,,36.1699,-115.1398,North_America,city,easy,1,"Las Vegas, Nevada",las_vegas,1,source
Reno,Nevada,United States,,39.5296,-119.8138,North_America,city,hard,6,"Reno, Nevada",reno_nevada,1,source
Concord,New Hampshire,United States,,43.2081,-71.5376,North_America,state_capital,hard,4,"Concord, New Hampshire",concord_new_hampshire,1,source
Atlantic City,New Jersey,United States,,39.3643,-74.4229,North_America,city,hard,5,"Atlantic City, New Jersey",atlantic_city,1,source
Camden,New Jersey,United States,,39.9259,-75.1196,North_America,city,medium,3,"Camden, New Jersey",camden_new_jersey,1,source
Hoboken,New Jersey,United States,,40.743,-74.0324,North_America,city,easy,1,"Hoboken, New Jersey",hoboken_new_jersey,1,source
Jersey City,New Jersey,United States,,40.7282,-74.0776,North_America,city,easy,1,"Jersey City, New Jersey",jersey_city_new_jersey,1,source
Menlo Park,New Jersey,United States,,40.5651,-74.3374,North_America,city,hard,5,"Menlo Park, New Jersey",menlo_park_new_jersey,1,source
Murray Hill,New Jersey,United States,,40.6954,-74.401,North_America,city,hard,6,"Murray Hill, New Jersey",murray_hill_new_jersey,1,source
Newark,New Jersey,United States,,40.7357,-74.1724,North_America,city,hard,5,"Newark, New Jersey",newark_new_jersey,1,source
Princeton,New Jersey,United States,,40.3573,-74.6672,North_America,city,hard,5,"Princeton, New Jersey",princeton,1,source
Trenton,New Jersey,United States,,40.2171,-74.7429,North_America,state_capital,easy,2,"Trenton, New Jersey",trenton_new_jersey,1,source
Albuquerque,New Mexico,United States,,35.0844,-106.6504,North_America,city,medium,3,"Albuquerque, New Mexico",albuquerque,1,source
Carlsbad,New Mexico,United States,,32.4207,-104.2288,North_America,city,hard,6,"Carlsbad, New Mexico",carlsbad_new_mexico,1,source
Los Alamos,New Mexico,United States,,35.88,-106.3031,North_America,city,hard,4,"Los Alamos, New Mexico",los_alamos_new_mexico,1,source
Roswell,New Mexico,United States,,33.3943,-104.523,North_America,city,easy,2,"Roswell, New Mexico",roswell_new_mexico,1,source
Santa Fe,New Mexico,United States,,35.687,-105.9378,North_America,state_capital,easy,2,"Santa Fe, New Mexico",santa_fe_new_mexico,1,source
Albany,New York,United States,,42.6526,-73.7562,North_America,state_capital,medium,3,"Albany, New York",albany_new_york,1,source
Brooklyn,New York,United States,,40.6782,-73.9442,North_America,city,medium,3,"Brooklyn, New York",brooklyn,1,source
Buffalo,New York,United States,,42.8864,-78.8784,North_America,city,easy,2,"Buffalo, New York",buffalo,1,source
Canandaigua,New York,United States,,42.8742,-77.288,North_America,city,easy,2,"Canandaigua, New York",canandaigua_new_york,1,source
Harlem,New York,United States,,40.8116,-73.9465,North_America,city,hard,6,"Harlem, New York",harlem,1,source
Lower Manhattan,New York,United States,,40.7074,-74.006,North_America,city,easy,2,"Lower Manhattan, New York",lower_manhattan,1,source
New York City,New York,United States,,40.7128,-74.006,North_America,city,easy,2,"New York City, New York",new_york_city,1,source
Poughkeepsie,New York,United States,,41.7004,-73.921,North_America,city,medium,3,"Poughkeepsie, New York",poughkeepsie,1,source
Queens,New York,United States,,40.7282,-73.7949,North_America,city,hard,6,"Queens, New York",queens_new_york,1,source
Rochester,New York,United States,,43.1566,-77.6088,North_America,city,hard,4,"Rochester, New York",rochester_new_york,1,source
Saratoga,New York,United States,,43.0831,-73.7846,North_America,city,medium,3,"Saratoga, New York",saratoga_new_york,1,source
Schenectady,New York,United States,,42.8142,-73.9396,North_America,city,easy,1,"Schenectady, New York",schenectady_new_york,1,source
Seneca Falls,New York,United States,,42.9109,-76.7966,North_America,city,hard,5,"Seneca Falls, New York",seneca_falls_new_york,1,source
Syracuse,New York,United States,,43.0481,-76.1474,North_America,city,easy,1,"Syracuse, New York",syracuse_new_york,1,source
The Bronx,New York,United States,,40.8448,-73.8648,North_America,city,hard,5,"The Bronx, New York",the_bronx,1,source
Wall St.,New York,United States,,40.7075,-74.0113,North_America,city,easy,1,"Wall St., New York",wall_st,1,source
Charlotte,North Carolina,United States,,35.2271,-80.8431,North_America,city,easy,1,"Charlotte, North Carolina",charlotte,1,source
Goldsboro,North Carolina,United States,,35.3859,-77.9931,North_America,city,easy,2,"Goldsboro, North Carolina",goldsboro_north_carolina,1,source
Greensboro,North Carolina,United States,,36.0726,-79.792,North_America,city,easy,1,"Greensboro, North Carolina",greensboro_north_carolina,2,source
Kitty Hawk,North Carolina,United States,,36.0726,-75.7057,North_America,city,easy,2,"Kitty Hawk, North Carolina",kitty_hawk_north_carolina,1,source
Raleigh,North Carolina,United States,,35.7796,-78.6382,North_America,state_capital,hard,4,"Raleigh, North Carolina",raleigh_north_carolina,1,source
Bismarck,North Dakota,United States,,46.8083,-100.7837,North_America,state_capital,easy,1,"Bismarck, North Dakota",bismarck_north_dakota,1,source
Akron,Ohio,United States,,41.0814,-81.519,North_America,city,medium,3,"Akron, Ohio",akron_ohio,1,source
Bellefontaine,Ohio,United States,,40.3612,-83.7597,North_America,city,easy,2,"Bellefontaine, Ohio",bellefontaine_ohio,1,source
Cincinnati,Ohio,United States,,39.1031,-84.512,North_America,city,easy,2,"Cincinnati, Ohio",cincinnati,1,source
Cleveland,Ohio,United States,,41.5055,-81.6813,North_America,city,hard,5,"Cleveland, Ohio",cleveland,1,source
Columbus,Ohio,United States,,39.9612,-82.9988,North_America,state_capital,hard,4,"Columbus, Ohio",columbus_ohio,1,source
Dayton,Ohio,United States,,39.7589,-84.1916,North_America,city,easy,2,"Dayton, Ohio",dayton,2,source
Gilmore,Ohio,United States,,40.2909,-81.4404,North_America,city,easy,1,"Gilmore, Ohio",gilmore_ohio,1,source
Toledo,Ohio,United States,,41.6528,-83.5379,North_America,city,easy,1,"Toledo, Ohio",toledo,1,source
Beaver,Oklahoma,United States,,36.8135,-100.5231,North_America,city,hard,6,"Beaver, Oklahoma",beaver_oklahoma,1,source
Kingfisher,Oklahoma,United States,,35.8614,-97.9317,North_America,city,easy,1,"Kingfisher, Oklahoma",kingfisher_oklahoma,1,source
Muskogee,Oklahoma,United States,,35.7479,-95.3697,North_America,city,easy,2,"Muskogee, Oklahoma",muskogee_oklahoma,1,source
Oklahoma City,Oklahoma,United States,,35.4676,-97.5164,North_America,state_capital,easy,1,"Oklahoma City, Oklahoma",oklahoma_city_oklahoma,1,source
Tulsa,Oklahoma,United States,,36.1539,-95.9928,North_America,city,medium,3,"Tulsa, Oklahoma",tulsa,1,source
Eugene,Oregon,United States,,44.0521,-123.0867,North_America,city,hard,6,"Eugene, Oregon",eugene_oregon,1,source
Portland,Oregon,United States,,45.5152,-122.6784,North_America,city,easy,1,"Portland, Oregon",portland,2,source
Salem,Oregon,United States,,44.9429,-123.0351,North_America,state_capital,medium,3,"Salem, Oregon",salem_oregon,2,source
Seaside,Oregon,United States,,45.9932,-123.9226,North_America,city,hard,6,"Seaside, Oregon",seaside_oregon,1,source
Butler,Pennsylvania,United States,,40.8612,-79.8953,North_America,city,medium,3,"Butler, Pennsylvania",butler_pennsylvania,1,source
Erie,Pennsylvania,United States,,42.1292,-80.0851,North_America,city,easy,1,"Erie, Pennsylvania",erie_pennsylvania,1,source
Harrisburg,Pennsylvania,United States,,40.2677,-76.8339,North_America,state_capital,hard,6,"Harrisburg, Pennsylvania",harrisburg_pennsylvania,1,source
Hershey,Pennsylvania,United States,,40.2859,-76.6502,North_America,city,easy,2,"Hershey, Pennsylvania",hershey_pennsylvania,1,source
Philadelphia,Pennsylvania,United States,,39.9526,-75.1652,North_America,city,medium,3,"Philadelphia, Pennsylvania",philadelphia,1,source
Pittsburgh,Pennsylvania,United States,,40.4406,-79.9959,North_America,city,easy,1,"Pittsburgh, Pennsylvania",pittsburgh,1,source
Punxsutawney,Pennsylvania,United States,,40.9437,-78.97,North_America,city,hard,4,"Punxsutawney, Pennsylvania",punxsutawney_pennsylvania,1,source
Springdale,Pennsylvania,United States,,40.5417,-79.7823,North_America,city,easy,1,"Springdale, Pennsylvania",springdale_pennsylvania,1,source
York,Pennsylvania,United States,,39.9626,-76.7277,North_America,city,medium,3,"York, Pennsylvania",york_pennsylvania,1,source
Newport,Rhode Island,United States,,41.4901,-71.3128,North_America,city,easy,1,"Newport, Rhode Island",newport_rhode_island,1,source
Providence,Rhode Island,United States,,41.824,-71.4128,North_America,state_capital,easy,1,"Providence, Rhode Island",providence_rhode_island,1,source
Columbia,South Carolina,United States,,34.0007,-81.0348,North_America,state_capital,medium,3,"Columbia, South Carolina",columbia_south_carolina,2,source
Myrtle Beach,South Carolina,United States,,33.6891,-78.8867,North_America,city,easy,1,"Myrtle Beach, South Carolina",myrtle_beach_south_carolina,1,source
Pierre,South Dakota,United States,,44.3683,-100.35,North_America,state_capital,hard,5,"Pierre, South Dakota",pierre_south_dakota,1,source
Chattanooga,Tennessee,United States,,35.0456,-85.3097,North_America,city,easy,1,"Chattanooga, Tennessee",chattanooga,1,source
Memphis,Tennessee,United States,,35.1495,-90.049,North_America,city,hard,6,"Memphis, Tennessee",memphis,1,source
Nashville,Tennessee,United States,,36.1622,-86.7744,North_America,state_capital,easy,1,"Nashville, Tennessee",nashville_tennessee,1,source
Oak Ridge,Tennessee,United States,,36.0104,-84.2696,North_America,city,medium,3,"Oak Ridge, Tennessee",oak_ridge_tennessee,1,source
Amarillo,Texas,United States,,35.222,-101.8313,North_America,city,hard,4,"Amarillo, Texas",amarillo_texas,1,source
Austin,Texas,United States,,30.2672,-97.7431,North_America,state_capital,easy,1,"Austin, Texas",austin_texas,2,source
Beaumont,Texas,United States,,30.0802,-94.1266,North_America,city,hard,5,"Beaumont, Texas",beaumont_texas,1,source
Corpus Christi,Texas,United States,,27.7428,-97.4019,North_America,city,hard,5,"Corpus Christi, Texas",corpus_christi_texas,1,source
Dallas,Texas,United States,,32.7767,-96.797,North_America,city,easy,1,"Dallas, Texas",dallas,1,source
El Paso,Texas,United States,,31.7619,-106.485,North_America,city,medium,3,"El Paso, Texas",el_paso,2,source
Fort Worth,Texas,United States,,32.7555,-97.3308,North_America,city,hard,5,"Fort Worth, Texas",fort_worth_texas,1,source
Galveston,Texas,United States,,29.3013,-94.7977,North_America,city,medium,3,"Galveston, Texas",galveston_texas,1,source
Houston,Texas,United States,,29.7604,-95.3698,North_America,city,hard,4,"Houston, Texas",houston,1,source
Plano,Texas,United States,,33.0198,-96.6989,North_America,city,easy,1,"Plano, Texas",plano_texas,1,source
San Antonio,Texas,United States,,29.4241,-98.4936,North_America,city,hard,6,"San Antonio, Texas",san_antonio,1,source
Waco,Texas,United States,,31.5598,-97.1418,North_America,city,easy,1,"Waco, Texas",waco_texas,1,source
Salt Lake City,Utah,United States,,40.7587,-111.8762,North_America,state_capital,easy,2,"Salt Lake City, Utah",salt_lake_city_utah,1,source
Bennington,Vermont,United States,,42.8781,-73.1968,North_America,city,hard,6,"Bennington, Vermont",bennington_vermont,1,source
Montpelier,Vermont,United States,,44.2601,-72.5754,North_America,state_capital,hard,5,"Montpelier, Vermont",montpelier_vermont,1,source
Arlington,Virginia,United States,,38.8816,-77.091,North_America,city,easy,1,"Arlington, Virginia",arlington_virginia,1,source
Jamestown,Virginia,United States,,37.2116,-76.7752,North_America,city,medium,3,"Jamestown, Virginia",jamestown_virginia,1,source
Norfolk,Virginia,United States,,36.8508,-76.2859,North_America,city,easy,1,"Norfolk, Virginia",norfolk_virginia,1,source
Richmond,Virginia,United States,,37.5407,-77.436,North_America,state_capital,hard,4,"Richmond, Virginia",richmond_virginia,1,source
Roanoke,Virginia,United States,,37.2709,-79.9414,North_America,city,hard,4,"Roanoke, Virginia",roanoke_virginia,1,source
Yorktown,Virginia,United States,,37.2388,-76.5097,North_America,city,easy,1,"Yorktown, Virginia",yorktown_virginia,1,source
Bainbridge Island,Washington,United States,,47.6262,-122.5212,North_America,city,easy,1,"Bainbridge Island, Washington",bainbridge_island_washington,1,source
Everett,Washington,United States,,47.9785,-122.2021,North_America,city,medium,3,"Everett, Washington",everett_washington,1,source
Forks,Washington,United States,,47.9504,-124.3855,North_America,city,hard,5,"Forks, Washington",forks_washington,1,source
Olympia,Washington,United States,,47.0379,-122.9007,North_America,state_capital,easy,1,"Olympia, Washington",olympia_washington,1,source
Seattle,Washington,United States,,47.6062,-122.3321,North_America,city,hard,6,"Seattle, Washington",seattle,1,source
Spokane,Washington,United States,,47.6588,-117.426,North_America,city,medium,3,"Spokane, Washington",spokane,1,source
Vancouver,Washington,United States,,45.6387,-122.6615,North_America,city,hard,4,"Vancouver, Washington",vancouver_washington,1,source
Walla Walla,Washington,United States,,46.0646,-118.343,North_America,city,medium,3,"Walla Walla, Washington",walla_walla_washington,1,source
Wenatchee,Washington,United States,,47.4235,-120.3103,North_America,city,easy,1,"Wenatchee, Washington",wenatchee_washington,1,source
Charleston,West Virginia,United States,,38.3498,-81.6326,North_America,state_capital,medium,3,"Charleston, West Virginia",charleston_west_virginia,2,source
Green Bay,Wisconsin,United States,,44.5192,-88.0198,North_America,city,easy,1,"Green Bay, Wisconsin",green_bay_wisconsin,1,source
Madison,Wisconsin,United States,,43.0731,-89.4012,North_America,state_capital,easy,1,"Madison, Wisconsin",madison_wisconsin,1,source
Milwaukee,Wisconsin,United States,,43.0389,-87.9065,North_America,city,medium,3,"Milwaukee, Wisconsin",milwaukee,1,source
Cheyenne,Wyoming,United States,,41.14,-104.8202,North_America,state_capital,hard,4,"Cheyenne, Wyoming",cheyenne_wyoming,1,source
Kemmerer,Wyoming,United States,,41.7924,-110.5377,North_America,city,hard,4,"Kemmerer, Wyoming",kemmerer_wyoming,1,source
Montevideo,,Uruguay,,-34.9011,-56.1645,South_America,capital,hard,6,"Montevideo, Uruguay",montevideo_uruguay,1,source
Punta del Este,,Uruguay,,-34.9608,-54.944,South_America,city,hard,4,"Punta del Este, Uruguay",punta_del_este_uruguay,1,source
Salto,,Uruguay,,-31.3833,-57.9667,South_America,city,easy,2,"Salto, Uruguay",salto_uruguay,1,source
Nukus,,Uzbekistan,,42.56,59.61,Asia,city,medium,3,"Nukus, Uzbekistan",nukus_uzbekistan,1,source
Samarkand,,Uzbekistan,,39.627,66.975,Asia,city,easy,2,"Samarkand, Uzbekistan",samarkand_uzbekistan,2,source
Tashkent,,Uzbekistan,,41.2995,69.2401,Asia,capital,hard,4,"Tashkent, Uzbekistan",tashkent_uzbekistan,1,source
Port Vila,,Vanuatu,,-17.7333,168.3167,Oceania,capital,medium,3,"Port Vila, Vanuatu",port_vila_vanuatu,1,source
Barquisimeto,,Venezuela,,10.0678,-69.3474,South_America,city,hard,5,"Barquisimeto, Venezuela",barquisimeto,1,source
Caracas,,Venezuela,,10.4806,-66.9036,South_America,capital,hard,4,"Caracas, Venezuela",caracas_venezuela,1,source
Maracaibo,,Venezuela,,10.6427,-71.6125,South_America,city,hard,4,"Maracaibo, Venezuela",maracaibo,1,source
Valencia,,Venezuela,,10.162,-67.9993,South_America,city,easy,2,"Valencia, Venezuela",valencia,1,source
Bien Hoa,,Vietnam,,10.9447,106.8243,Asia,city,hard,4,"Bien Hoa, Vietnam",bien_hoa_vietnam,1,source
Can Tho,,Vietnam,,10.0371,105.7883,Asia,city,easy,1,"Can Tho, Vietnam",can_tho_vietnam,1,source
Champa,,Vietnam,,12.9236,109.1046,Asia,city,medium,3,"Champa, Vietnam",champa_vietnam,1,source
Da Nang,,Vietnam,,16.0678,108.2208,Asia,city,easy,1,"Da Nang, Vietnam",da_nang_vietnam,1,source
Haiphong,,Vietnam,,20.8651,106.6838,Asia,city,medium,3,"Haiphong, Vietnam",haiphong_vietnam,1,source
Hanoi,,Vietnam,,21.0285,105.8542,Asia,capital,medium,3,"Hanoi, Vietnam",hanoi_vietnam,1,source
Ho Chi Minh City,,Vietnam,,10.8231,106.6297,Asia,city,hard,4,"Ho Chi Minh City, Vietnam",ho_chi_minh_city,1,source
Hue,,Vietnam,,16.4637,107.5909,Asia,city,easy,2,"Hue, Vietnam",hue_vietnam,1,source
Aden,,Yemen,,12.8,45,Middle_East,city,easy,1,"Aden, Yemen",aden,1,source
Hodeidah,,Yemen,,14.7979,42.9538,Middle_East,city,easy,1,"Hodeidah, Yemen",hodeidah_yemen,1,source
Sana'a,,Yemen,,15.3694,44.191,Middle_East,capital,hard,5,"Sana'a, Yemen",sana,1,source
Taiz,,Yemen,,13.5789,44.0219,Middle_East,city,easy,1,"Taiz, Yemen",taiz_yemen,1,source
Kitwe,,Zambia,,-12.8025,28.2132,Africa,city,easy,2,"Kitwe, Zambia",kitwe_zambia,1,source
Livingstone,,Zambia,,-17.8419,25.8544,Africa,city,hard,4,"Livingstone, Zambia",livingstone_zambia,1,source
Lusaka,,Zambia,,-15.3875,28.3228,Africa,capital,medium,3,"Lusaka, Zambia",lusaka,1,source
Ndola,,Zambia,,-12.9587,28.6366,Africa,city,easy,1,"Ndola, Zambia",ndola_zambia,1,source
Bulawayo,,Zimbabwe,,-20.1325,28.6268,Africa,city,easy,1,"Bulawayo, Zimbabwe",bulawayo_zimbabwe,1,source
Harare,,Zimbabwe,,-17.8292,31.0522,Africa,capital,easy,1,"Harare, Zimbabwe",harare_zimbabwe,1,source
